Item Code(รหัส),Description(ชื่อยา/บริการ),Trade Name(ชื่อการค้า),Common Name(ชื่อใช้เรียกบ่อย),Unit(หน่วยนับ),Receipt Category(หมวดใบเสร็จ),Alert Min,Alert Max,Formula,Sell Price(ราคาขาย),Rx Default,Status
'000000000002,Enrofloxacin 15 mg (Baytril 15 mg),Baytril 15 mg,Baytril 15 mg(ยาปฏิชีวนะ),เม็ด,ค่ายานำกลับ,0,0,A - Unit price,25.00 / เม็ด,มี,Active
'000000000005,Amoxicillin 250 mg *Capsule*,Amoxicillin 250 mg,Amoxicillin 250 mg (ปฏิชีวนะ),แคปซูล,ค่ายานำกลับ,0,0,A - Unit price,5.00 / แคปซูล,มี,Active
'000000000008,(TEST)TEST10mg(TEST 10)(inj.)(ml),TEST 10 บ. ทดสอบ,TEST 10mg ยาทดสอบระบบ,Test,ค่ายาฉีด / สารน้ำ,0,0,B - Range price,0.01-1 = 100.00; 1.01-2 = 150.00; 2.01-10 = 500.00,ไม่มี,Active
'000000000009,fenbendazole 200mg/ml,fenbendazole 200mg/ml ยาถ่ายพยาธิ/โปรโตซัว,fenbendazole 200mg/ml  ยาถ่ายพยาธิ/โปรโตซัว,ซีซี,ค่ายานำกลับ,0,0,B - Range price,0.01-10 = 250.00; 10.01-20 = 450.00; 20.01-30 = 650.00,ไม่มี,Active
'000000000010,fenbendazole *-*ป้อนที่รพส*-*,Panacur,fenbendazole (Panacur) ยาถ่ายพยาธิ/โปรโตซัว,ซีซี,ค่ายานำกลับ,0,0,B - Range price,0.01-1 = 50.00; 1.01-2 = 100.00; 2.01-3 = 150.00,ไม่มี,Active
'000000000012,Tolfedine (Tolfedine 60 mg),Tolfedine (Tolfedine 60 mg),Tolfedine (Tolfedine 60 mg)  ลดไข้ ลดอักเสบ,เม็ด,ค่ายานำกลับ,0,0,A - Unit price,30.00 / เม็ด,มี,Active
'000000000015,Vcheck Cortisol,Vcheck Cortisol,Vcheck Cortisol,Test,ค่าตรวจทางห้องปฎิบัติการ,0,0,A - Unit price,800.00 / Test,ไม่มี,Active
'000000000016,samylin small breed S (ซอง),samylin small breed S (ซอง),samylin small breed S (แบบซอง),ซอง,ค่ายานำกลับ,0,0,A - Unit price,70.00 / ซอง,มี,Active
'000000000017,TEP-Plus Spray 30 ml,TEP-Plus Spray 30 ml,TEP-Plus Spray 30 ml (น้ำยาฆ่าเชื้อ),ขวด,ค่ายานำกลับ,0,0,A - Unit price,200.00 / ขวด,มี,Active
'000000000018,A:G,Albumin : Globulin ratio,A:G,ครั้ง,ค่าตรวจทางห้องปฎิบัติการ,0.0,0.0,A - Unit price,100.00 / ครั้ง,ไม่มี,Active
'000000000019,cerenia (maropitant 10mg/mL),cerenia (maropitant 10mg/mL),cerenia (maropitant 10mg/mL),ซีซี,ค่ายาฉีด / สารน้ำ,0,0,B - Range price,"0.01-0.3 = 150.00; 0.31-0.5 = 200.00; 0.51-0.8 = 275.00; 0.81-1 = 350.00; 1.01-1.5 = 525.00; 1.51-2 = 700.00; 2.01-2.5 = 875.00; 2.51-3 = 1,050.00; 3.01-3.5 = 1,225.00; 3.51-4 = 1,400.00; 4.01-4.5 = 1,575.00; 4.51-5 = 1,750.00",ไม่มี,Active
'000000000020,Total T4 (Feline),Total T4 (Feline),Total T4 (Feline),ตัวอย่าง,ค่าตรวจทางห้องปฎิบัติการ,0,0,A - Unit price,850.00 / ตัวอย่าง,ไม่มี,Active
'000000000021,เพาะเชื้อแบคทีเรีย (Anaerobic) และทดสอบความไวต่อยาปฏิชีวนะ (Bacterial Culture and Drug Sensitivity),เพาะเชื้อแบคทีเรีย (Anaerobic) และทดสอบความไวต่อยาปฏิชีวนะ (Bacterial Culture and Drug Sensitivity),เพาะเชื้อแบคทีเรีย (Anaerobic) และทดสอบความไวต่อยาปฏิชีวนะ (Bacterial Culture and Drug Sensitivity),ครั้ง,ค่าตรวจทางห้องปฎิบัติการ,0.0,0.0,A - Unit price,"1,000.00 / ครั้ง; 1,000.00 / ครั้ง",ไม่มี,Active
'000000000022,Amoxicillin 50 mg + Clavulanic 12.5 mg (AMC 62.5),Amoxicillin 50 mg + Clavulanic 12.5 mg (AMC 62.5),(Amoxi50 mg + Clav12.5 mg) /ปฏิชีวนะ**AMC 62.5**,เม็ด,ค่ายานำกลับ,0,0,A - Unit price,10.00 / เม็ด,มี,Active
'000000000023,Florgut (Probiotics+Prebiotics),Florgut (Probiotics+Prebiotics),Florgut (ปรับสมดุลลำไส้),แคปซูล,ค่ายานำกลับ,0,0,A - Unit price,15.00 / แคปซูล,มี,Active
'000000000024,Cytopoint 40 mg/ml (lokivetmabi),Cytopoint,Cytopoint,ขวด,ค่ายาฉีด / สารน้ำ,0.0,0.0,B - Range price,"0.01-0.25 = 2,000.00; 0.26-0.5 = 2,500.00; 0.51-0.75 = 3,500.00; 0.76-1 = 4,000.00",ไม่มี,Active
'000000000025,Cotton swab (sterile),Cotton swab (sterile),Cotton swab (sterile),ชิ้น,ค่าเวชภัณฑ์ / วัสดุการแพทย์,0.0,0.0,A - Unit price,5.00 / ชิ้น; 5.00 / ชิ้น,ไม่มี,Active
'000000000026,Bone pin,Bone pin,Bone pin,อัน,ค่าเวชภัณฑ์ / วัสดุการแพทย์,0.0,0.0,A - Unit price,300.00 / อัน; 300.00 / อัน,ไม่มี,Active
'000000000027,NSS 100 ml  (Klean&Kare) น้ำเกลือล้างแผล,NSS 100 ml  (Klean&Kare) น้ำเกลือล้างแผล,NSS 100 ml  (Klean&Kare) น้ำเกลือล้างแผล,ขวด,ค่ายานำกลับ,0,0,A - Unit price,30.00 / ขวด,มี,Active
'000000000029,Otosense (Ear Cleansing Solution),Otosense (น้ำยาล้างหู),Otosense (น้ำยาล้างหู),ขวด,ค่ายานำกลับ,0,0,A - Unit price,315.00 / ขวด,ไม่มี,Active
'000000000031,Taheebo/ยับยั้งเนื้องอก,Taheebo/ยับยั้งเนื้องอก,Taheebo/ยับยั้งเนื้องอก,เม็ด,ค่ายานำกลับ,0,0,A - Unit price,60.00 / เม็ด,มี,Active
'000000000033,สายป้อน PG,สายป้อน PG,สายป้อน PG,เส้น,ค่าเวชภัณฑ์ / วัสดุการแพทย์,0.0,0.0,A - Unit price,50.00 / เส้น; 50.00 / เส้น,ไม่มี,Active
'000000000034,bravecto 40-56 kg. (fluralaner 1400 mg.),bravecto 40-56 kg. (fluralaner 1400 mg.),bravecto 40-56 kg. (fluralaner 1400 mg.),เม็ด,ค่ายานำกลับ,0,0,A - Unit price,"1,080.00 / เม็ด",มี,Active
'000000000035,Methionine (Methovet),Methionine (Methovet),Methionine (Methovet) ปรับค่า pH ในปัสสาวะ,เม็ด,ค่ายานำกลับ,0,0,A - Unit price,3.00 / เม็ด,มี,Active
'000000000036,Rx: Meropenem 1g.,Meropenem 1g.,Meropenem 1g.,ขวด,ค่ายานำกลับ,0.0,0.0,A - Unit price,300.00 / ขวด,มี,Active
'010000000001,Novaclav (Amoxicillin 140 mg + Calvulanic 35 mg),Novaclav 100 ml,Novaclav 100 ml,ซีซี,ค่ายาฉีด / สารน้ำ,0,0,B - Range price,0.01-0.5 = 60.00; 0.51-1 = 100.00; 1.01-1.5 = 120.00; 1.51-10 = 150.00,ไม่มี,Active
'010000000003,Amoxicillin 500 mg *Capsule*,Amoxicillin 500 mg,Amoxicillin 500 mg (ยาปฏิชีวนะ) สีเขียว+ฟ้า,แคปซูล,ค่ายานำกลับ,0,0,A - Unit price,10.00 / แคปซูล,มี,Active
'010000000006,Amoxicillin 200 mg + Clavulanic 50 mg (AMC 250 mg),Amoxicillin 200 mg + Clavulanic 50 mg (AMC 250 mg),Amoxi200 mg + Clav50 mg/(AMC250) ยาปฏิชีวนะ,เม็ด,ค่ายานำกลับ,0,0,A - Unit price,15.00 / เม็ด,มี,Active
'010000000011,Amoxicillin 125 mg + Clavulanic 31.25 mg (AMK 156.25 mg/5ml) 60 ml  *ขายยกขวด*,AMK 156.25 mg (AMC),AMK 156.25 mg/5ml (ปฏิชีวนะ),ซีซี,ค่ายานำกลับ,0,0,B - Range price,0.01-60 = 150.00,มี,Active
'010000000017,Cephalexin 500 mg*capsule*,Celex 500 mg,Cephalexin 500 mg (ปฏิชีวนะ) เม็ดสีส้ม+เทา,แคปซูล,ค่ายานำกลับ,0,0,A - Unit price,15.00 / แคปซูล,มี,Active
'010000000018,Cephalexin syrup (25 mg/ml) *ยากิน*,Cephalexin syrup (25 mg/ml),Cephalexin syrup 125 mg (ปฏิชีวนะ),ซีซี,ค่ายานำกลับ,0,0,A - Unit price,100.00 / ซีซี,มี,Active
'010000000019,Ciprofloxacin 250 mg (Cifloxin 250 mg),Cifloxin 250 mg,Ciprofloxacin 250 mg (ปฏิชีวนะ)เม็ดกลมสีขาว,เม็ด,ค่ายานำกลับ,0,0,A - Unit price,10.00 / เม็ด,มี,Active
'010000000022,Clindamycin 300 mg,Clindamycin 300 mg,Clindamycin 300 mg (ปฏิชีวนะ) สีชมพู,แคปซูล,ค่ายานำกลับ,0,0,A - Unit price,15.00 / แคปซูล,มี,Active
'010000000023,Clindamycin syrup (25 mg/ml) 20 ml,Clindaguard,Antirobe Aquadrops (ปฏิชีวนะ),ซีซี,ค่ายานำกลับ,0,0,B - Range price,0.1-20 = 200.00,มี,Active
'010000000024,Doxycycline 100 mg (Siadocin 100 mg),Siadocin 100 mg,Doxycycline 100 mg (Antibiotic) (ปฏิชีวนะ/เม็ดสีเหลือง),เม็ด,ค่ายานำกลับ,0,0,A - Unit price,7.00 / เม็ด,มี,Active
'010000000025,Vibravet 2.5g(ก้างปลา),Vibravet,Vibravet 2.5g (ยาปฏิชีวนะ),หลอด,ค่ายานำกลับ,0,0,A - Unit price,330.00 / หลอด,มี,Active
'010000000027,Enrofloxacin 50 mg (Baytril 50 mg),Baytril 50 mg,Baytril 50 mg (ปฏิชีวนะ),เม็ด,ค่ายานำกลับ,0,0,A - Unit price,35.00 / เม็ด,มี,Active
'010000000028,Enrofloxacin 150 mg (Baytril 150 mg),Baytril 150 mg,Baytril 150 mg (Anbiotic) (ปฏิชีวนะ),เม็ด,ค่ายานำกลับ,0,0,A - Unit price,65.00 / เม็ด,มี,Active
'010000000030,Enrofloxacin 100 mg/ml (Mycofloxacin 100 ),Mycofloxacin 100,Enrofloxacin 100 mg/ml (ปฏิชีวนะ),ซีซี,ค่ายานำกลับ,0,0,B - Range price,0.01-15 = 50.00; 15.01-30 = 100.00; 30.01-45 = 150.00; 45.01-60 = 200.00; 60.01-75 = 250.00; 75.01-100 = 300.00,มี,Active
'010000000032,Marbofloxacin 20 mg (Marbocyl 20 mg),Marbocyl 20 mg,Marbocyl 20 mg (ปฏิชีวนะ),เม็ด,ค่ายานำกลับ,0,0,A - Unit price,70.00 / เม็ด,มี,Active
'010000000033,Marbofloxacin 80 mg (Marbocyl 80 mg),Marbocyl 80 mg,Marbocyl 80 mg (ปฏิชีวนะ),เม็ด,ค่ายานำกลับ,0,0,A - Unit price,100.00 / เม็ด,มี,Active
'010000000034,Metronidazole 200 mg (Metrolex),Metrolex 200 mg,Metronidazole 200 mg (ปฏิชีวนะ) เม็ดกลมสีเหลืองNL,เม็ด,ค่ายานำกลับ,0,0,A - Unit price,5.00 / เม็ด,มี,Active
'010000000035,Metronidazole syrup (40 mg/ml) (Metrogyl),Metrogyl,Metronidazole syrup (ปฏิชีวนะ),ซีซี,ค่ายานำกลับ,0,0,B - Range price,0.01-30 = 100.00; 30.1-60 = 200.00,มี,Active
'010000000036,Norfloxacin 400 mg,Norfloxacin 400 mg,Norfloxacin 400 mg (ปฏิชีวนะ) เม็ดสีขาววงรี,เม็ด,ค่ายานำกลับ,0,0,A - Unit price,10.00 / เม็ด,มี,Active
'010000000037,Sulfamethoxazole 400 mg + Trimetroprim 80 mg (Sulfa - tri 480 mg) (STMP),Sulfa - tri 480 mg,Sulfa - tri 480 mg (ปฏิชีวนะ) เม็ดสีขาวกลม,เม็ด,ค่ายานำกลับ,0,0,A - Unit price,5.00 / เม็ด,มี,Active
'010000000038,STMP syrup (Metrim 240 mg) (Sulfa-tri 48 mg/ml),stmp syrup 240 mg (48 mg/ml),Sulfa - tri syrup (ปฏิชีวนะ) สีชมพูนม,ซีซี,ค่ายานำกลับ,0,0,B - Range price,0.01-30 = 50.00; 30.01-60 = 100.00,มี,Active
'010000000039,Itraconazole 100 mg,Spornar 100 mg,Itraconazole 100 mg (รักษาเชื้อรา),แคปซูล,ค่ายานำกลับ,0,0,A - Unit price,30.00 / แคปซูล,มี,Active
'010000000043,Prednisolone 5 mg,Prednisolone 5 mg,Prednisolone 5 mg  (ลดอักเสบ/เม็ดกลมสีชมพู),เม็ด,ค่ายานำกลับ,0,0,A - Unit price,5.00 / เม็ด,มี,Active
'010000000044,Antinol (60 แคปซูล),Antinol,Antinol (60 แคปซูล) (บำรุงข้อ/ลดอักเสบ),เม็ด,ค่ายานำกลับ,0,0,C - Divide factor price,"1,600.00 / 1",มี,Active
'010000000045,Carprofen 25 mg (Rimadyl 25 mg),Rimadyl 25 mg,Rimadyl 25 mg (ลดอักเสบ/ลดปวด)เม็ดสี่เหลี่ยมเล็ก สีน้ำตาล,เม็ด,ค่ายานำกลับ,0,0,A - Unit price,20.00 / เม็ด,มี,Active
'010000000046,Carprofen 75 mg (Rimadyl 75 mg),Rimadyl 75 mg,Rimadyl 75 mg (ลดอักเสบ/ลดปวด)เม็ดสี่เหลี่ยมใหญ่ สีน้ำตาล,เม็ด,ค่ายานำกลับ,0,0,A - Unit price,30.00 / เม็ด,มี,Active
'010000000048,Previcox 227 mg,Previcox 227 mg,Previcox 227 mg (ลดปวด/ลดอักเสบ),เม็ด,ค่ายานำกลับ,0,0,A - Unit price,60.00 / เม็ด,มี,Active
'010000000049,Meloxicam 7.5 mg (Melox 7.5 mg),Melox 7.5 mg,Meloxicam 7.5 mg (ลดปวด/ลดอักเสบ),เม็ด,ค่ายานำกลับ,0,0,A - Unit price,10.00 / เม็ด,มี,Active
'010000000050,Onsior 20 mg (ลดปวด/ลดอักเสบ),Onsior 20 mg (ลดปวด/ลดอักเสบ),Onsior 20 mg (ลดปวด/ลดอักเสบ),เม็ด,ค่ายานำกลับ,0.0,0.0,A - Unit price,50.00 / เม็ด,มี,Active
'010000000052,Tolfenamic acid 6 mg (Tolfedine 6 mg),Tolfedine 6 mg,Tolfedine 6 mg (ลดปวด/ลดอักเสบ/ลดไข้),เม็ด,ค่ายานำกลับ,0,0,A - Unit price,15.00 / เม็ด,มี,Active
'010000000054,Tramadol 50 mg,Tramadol 50 mg,Tramadol 50 mg (ลดปวด),แคปซูล,ค่ายานำกลับ,0,0,A - Unit price,5.00 / แคปซูล,มี,Active
'010000000055,Alutop (Aluminium Hydroxide),Alutop,Alutop (ดักจับฟอสฟอรัส),เม็ด,ค่ายานำกลับ,0,0,A - Unit price,5.00 / เม็ด,มี,Active
'010000000056,Cimetidine 200 mg (Tymet 200 mg),Tymet 200 mg,Cimetidine 200 mg (ลดกรด),เม็ด,ค่ายานำกลับ,0,0,A - Unit price,5.00 / เม็ด,มี,Active
'010000000058,Cisapride 10 mg (Cipasid 10 mg),Cipasid 10 mg,Cipasid 10 mg (กระตุ้นทางเดินอาหาร),เม็ด,ค่ายานำกลับ,0,0,A - Unit price,8.00 / เม็ด,มี,Active
'010000000063,Famotidine 20 mg (Pepdenal),Pepdenal 20 mg,Famotidine 20 mg (ลดกรด/เม็ดสีส้มอ่อน),เม็ด,ค่ายานำกลับ,0,0,A - Unit price,5.00 / เม็ด,มี,Active
'010000000066,Lactulose (Hepalac) (100ml/ขวด),Hepalac,Lactulose (ยาระบาย),ซีซี,ค่ายานำกลับ,0,0,B - Range price,0.01-30 = 100.00; 30.01-100 = 190.00,มี,Active
'010000000067,Liquid Paraffin/**แบบแบ่งขาย**,Liquid Paraffin,Liquid Paraffin (หล่อลื่นทางเดินอาหาร),ซีซี,ค่ายานำกลับ,0,0,B - Range price,0.01-30 = 50.00; 30.01-60 = 100.00; 60.01-90 = 150.00; 90.01-120 = 200.00,มี,Active
'010000000068,Metoclopramide 10 mg (Nausil),Nausil 10 mg,Metoclopramide 10 mg (แก้อาเจียน),เม็ด,ค่ายานำกลับ,0,0,A - Unit price,5.00 / เม็ด,มี,Active
'010000000069,Metoclopramide syrup (1 mg/ml),Metoclopramide,Metoclopramide syrup (แก้อาเจียน),ซีซี,ค่ายานำกลับ,0,0,B - Range price,0.01-30 = 50.00,มี,Active
'010000000071,Simeticone 80 mg tab (Air - x tab),Air - x,Simeticone 80 mg / (ขับลม),เม็ด,ค่ายานำกลับ,0,0,A - Unit price,5.00 / เม็ด,มี,Active
'010000000072,Simeticone syrup (Air - x drop) (15 ml/ขวด),Air - x drop,Air - x drop (ขับลม),ซีซี,ค่ายานำกลับ,0,0,B - Range price,0.01-15 = 80.00,มี,Active
'010000000074,Sucralfate 1 g (Ulsanic 1 g),Ulsanic 1 g,Sucralfate 1 g (เคลือบกระเพาะ),เม็ด,ค่ายานำกลับ,0,0,A - Unit price,10.00 / เม็ด,มี,Active
'010000000075,Sucralfate syrup (200 mg/1 ml) **1ขวดมี 60 ml**,Ulcefate 1 g,Sucralfate syrup (เคลือบกระเพาะ),ซีซี,ค่ายานำกลับ,0,0,B - Range price,0.01-30 = 100.00; 30.01-60 = 200.00,มี,Active
'010000000076,Ursodeoxycholic 250 mg (Ursolin 250 mg),Ursolin 250 mg,Ursolin 250 mg (กระตุ้นการบีบตัวของถุงน้ำดี),แคปซูล,ค่ายานำกลับ,0,0,A - Unit price,15.00 / แคปซูล,มี,Active
'010000000077,Activated Charchoal (Ultracarbon 250 mg),Ultracarbon 250 mg,Ultracarbon 250 mg (ดูดซับสารพิษ),เม็ด,ค่ายานำกลับ,0,0,A - Unit price,10.00 / เม็ด,มี,Active
'010000000082,Carbocysteine 375 mg (Muflex),Muflex 375 mg,Carbocysteine 375 mg (ละลายเสมหะ),เม็ด,ค่ายานำกลับ,0,0,A - Unit price,5.00 / เม็ด,มี,Active
'010000000083,Bromhexine 8 mg,Bromhexine 8 mg,Bromhexine 8 mg /ละลายเสมหะ,เม็ด,ค่ายานำกลับ,0,0,A - Unit price,5.00 / เม็ด,มี,Active
'010000000085,Carbocysteine (50 mg/ml) (Muflex syrup),Muflex syrup,Muflex syrup (ละลายเสมหะ/สีส้ม),ซีซี,ค่ายานำกลับ,0,0,B - Range price,0.01-30 = 50.00; 30.01-60 = 100.00,มี,Active
'010000000087,Dextromethorphan 15 mg (Decof 15 mg),Decof 15 mg,Dextromethorphan 15 mg (แก้ไอ) เม็ดกลมสีเขียว,เม็ด,ค่ายานำกลับ,0,0,A - Unit price,5.00 / เม็ด,มี,Active
'010000000088,Doxofylline 400 mg *Tab*,Puroxan tablet,Doxofylline 400 mg/ยาขยายหลอดลม*Tab*,เม็ด,ค่ายานำกลับ,0,0,A - Unit price,20.00 / เม็ด,มี,Active
'010000000089,Doxofylline 100 mg/5 ml (แบ่งขาย 30ml/ยกขวดคือ100ml),Puroxan syrup,Doxofylline 100 mg/5 ml /ยาขยายหลอดลม/สีใส,ซีซี,ค่ายานำกลับ,0,0,B - Range price,0.01-30 = 50.00; 30.01-60 = 100.00; 60.01-100 = 150.00,มี,Active
'010000000092,Theophylline 200 mg (Nuelin 200 mg),Nuelin 200 mg,Theophylline 200 mg (ขยายหลอดลม),เม็ด,ค่ายานำกลับ,0,0,A - Unit price,5.00 / เม็ด,มี,Active
'010000000093,Theophylline syrup (10 mg/ml) (Bronchil),Bronchil syrup,Theophylline syrup (Bronchil) (ขยายหลอดลม)/เหลืองอ่อน,ซีซี,ค่ายานำกลับ,0,0,B - Range price,0.01-30 = 50.00; 30.01-60 = 100.00,มี,Active
'010000000094,Amlodipine 5 mg (Amlopine 5 mg),Amlopine 5 mg,Amlodipine 5 mg (ลดความดันเลือด),เม็ด,ค่ายานำกลับ,0,0,A - Unit price,8.00 / เม็ด,มี,Active
'010000000096,Diltiazem HCI 30 mg,DILIZEM,Diltiazem30 mg/ (ปรับอัตราการเต้นของหัวใจ)เม็ดสีขาว,เม็ด,ค่ายานำกลับ,0,0,A - Unit price,5.00 / เม็ด,มี,Active
'010000000097,Propranolol HCI 10 mg,Betalol,Propranolol HCI 10 mg/ปรับอัตราการเต้นของหัวใจ(ชมพู),เม็ด,ค่ายานำกลับ,0,0,A - Unit price,5.00 / เม็ด,มี,Active
'010000000098,Enalapril 5 mg,Anapril 5 mg,Enalapril 5 mg (ขยายหลอดเลือด),เม็ด,ค่ายานำกลับ,0,0,A - Unit price,5.00 / เม็ด,มี,Active
'010000000099,Clopidogrel 75 mg,Cadiqrel,Clopidogrel 75 mg /ป้องกันลิ่มเลือดอุดตัน,เม็ด,ค่ายานำกลับ,0,0,A - Unit price,20.00 / เม็ด,มี,Active
'010000000100,Furosemide 40 mg (Furosic 40 mg ),Furosic,Furosic 40 mg (ยาขับน้ำ)/เม็ดสีขาว,เม็ด,ค่ายานำกลับ,0,0,A - Unit price,5.00 / เม็ด,มี,Active
'010000000103,Ramipril1.25 mg (Vasotop 1.25 mg),Vasotop 1.25 mg,Vasotop 1.25 mg (ขยายหลอดเลือด),เม็ด,ค่ายานำกลับ,0,0,A - Unit price,25.00 / เม็ด,มี,Active
'010000000104,Sildenafil* 20 mg*,Sildenafil GPO,Sildenafil *20 mg*/ลดความดันในปอด,เม็ด,ค่ายานำกลับ,0,0,A - Unit price,20.00 / เม็ด,มี,Active
'010000000105,Spironolactone 25 mg (Hyles 25 mg),Hyles 25 mg,Spironolactone 25 mg (ขับน้ำ)/เม็ดสีเหลือง,เม็ด,ค่ายานำกลับ,0,0,A - Unit price,8.00 / เม็ด,มี,Active
'010000000106,Aktivait  breed M&L (บำรุงร่ายกาย),Aktivait  breed M&L (บำรุงร่ายกาย),(Rx) Aktivait  breed M&L (บำรุงร่ายกาย),แคปซูล,ค่ายานำกลับ,0,0,A - Unit price,50.00 / แคปซูล,มี,Active
'010000000108,Diazepam 5 mg tablet (GPO),Divopan 5 mg,Diazepam 5 mg (คลายหูรูดทางเดินปัสสาวะ/เม็ดสีเหลืองเข้ม),เม็ด,ค่ายานำกลับ,0,0,A - Unit price,5.00 / เม็ด,มี,Active
'010000000109,Gabapentin 100 mg (Gabutin 100 mg),Gabutin 100 mg,Gabutin 100 mg (ลดอาการปวดจากระบบประสาท),แคปซูล,ค่ายานำกลับ,0,0,A - Unit price,15.00 / แคปซูล,มี,Active
'010000000110,Gabapentin 300 mg (Gabutin 300 mg),Gabutin 300 mg,Gabutin 300 mg (ลดอาการปวดจากระบบประสาท),แคปซูล,ค่ายานำกลับ,0,0,A - Unit price,20.00 / แคปซูล,มี,Active
'010000000111,(Karsivan 50 mg)/Propentofylline 50 mg,Karsivan 50 mg,Karsivan 50 mg (เพิ่มการไหลเวียนเลือดไปเลี้ยงสมอง),เม็ด,ค่ายานำกลับ,0,0,A - Unit price,30.00 / เม็ด,มี,Active
'010000000112,Methycobal (Mecobalamin 500 mcg) Vit B12,Methycobal 500 mcg,Mecobalamin 500 mcg(Vit B12) (บำรุงปลายประสาท),เม็ด,ค่ายานำกลับ,0,0,A - Unit price,10.00 / เม็ด,มี,Active
'010000000115,Phenobarbital 30 mg (PB 30),Phenobarbital 30 mg,Phenobarbital 30 mg (ระงับชัก),เม็ด,ค่ายานำกลับ,0,0,A - Unit price,5.00 / เม็ด,มี,Active
'010000000116,Pyridostigmine Bromide 60 mg (Distinon 60 mg),Distinon 60 mg,Pyridostigmine Bromide 60 mg (กระตุ้นระบบประสาท),เม็ด,ค่ายานำกลับ,0,0,A - Unit price,30.00 / เม็ด,มี,Active
'010000000117,Potassium Bromide (KBr) (200 mg/ml),Potassium Bromide (KBr),Potassium Bromide (KBr) (ระงับชัก) 200 mg/ml,ซีซี,ค่ายานำกลับ,0,0,B - Range price,0.01-30 = 100.00; 30.01-60 = 200.00; 60.01-120 = 400.00,มี,Active
'010000000118,Phenobarbital syrub (4 mg/ml) (PB syrub),Phenotal elixir 20 mg / 5 ml (PB syrub),Phenobarbital syrub 4 mg/ml /ยาระงับชัก,ซีซี,ค่ายานำกลับ,0,0,B - Range price,0.01-30 = 50.00; 30.01-60 = 100.00; 60.01-90 = 150.00; 90.01-120 = 200.00,มี,Active
'010000000121,Oxavet 375 mg,Oxavet,Oxavet/ปัสสาวะเป็นกรด/สลายนิ่วOxlate,เม็ด,ค่ายานำกลับ,0,0,A - Unit price,5.00 / เม็ด,มี,Active
'010000000122,Bethanechol Chloride 10 mg (Ucholine 10 mg),Ucholine 10 mg,Ucholine 10 mg (กระตุ้นการบีบตัวของกระเพาะปัสสาวะ),เม็ด,ค่ายานำกลับ,0,0,A - Unit price,15.00 / เม็ด,มี,Active
'010000000124,Feline cystaid *แคปซูล*,Feline cystaid,Feline cystaid /บำรุงผนังกระเพาะปัสสาวะ,แคปซูล,ค่ายานำกลับ,0,0,A - Unit price,20.00 / แคปซูล,มี,Active
'010000000126,Hydroxyzine 25 mg /เม็ดกลมสีเหลือง,Trandrozine,Hydroxyzine 25 mg /แก้แพ้/ลดคัน)เม็ดสีเหลือง,เม็ด,ค่ายานำกลับ,0,0,A - Unit price,5.00 / เม็ด,มี,Active
'010000000127,Chlorpheniramine 4 mg (CPM),Chlorpheniramine 4 mg,Chlorpheniramine 4 mg (แก้แพ้/ลดคัน)สีเหลืองNL,เม็ด,ค่ายานำกลับ,0,0,A - Unit price,5.00 / เม็ด,มี,Active
'010000000128,Chlorpheniramine syrup (0.4mg/ml) (CPM syrup),Chlorpheniramine syrup,Chlorpheniramine syrup (แก้แพ้/ลดคัน),ซีซี,ค่ายานำกลับ,0.0,0.0,B - Range price,0.01-30 = 50.00; 30.01-60 = 100.00,มี,Active
'010000000130,Dimenhydrinate 50 mg (Dramamine 50 mg),Dramamine 50 mg,Dimenhydrinate 50 mg (ลดอาการมึนงง)/สีเหลือง,เม็ด,ค่ายานำกลับ,0,0,A - Unit price,5.00 / เม็ด,มี,Active
'010000000131,Hydroxyzine 10 mg (R-rax 10 mg),R-rax 10 mg,Hydroxyzine 10 mg (แก้แพ้/ลดอาการคัน),เม็ด,ค่ายานำกลับ,0,0,A - Unit price,3.00 / เม็ด,มี,Active
'010000000133,Phenylepinephine (Sulidine) 10mg,Sulidine-CP 10 mg,Sulidine-CP 10 mg (แก้แพ้ลดน้ำมูก),เม็ด,ค่ายานำกลับ,0,0,A - Unit price,5.00 / เม็ด,มี,Active
'010000000136,Terbinafine 250 mg (ยารักษาเชื้อรา),Terbinafine 250 mg (ยารักษาเชื้อรา),Terbinafine 250 mg (ยารักษาเชื้อรา),เม็ด,ค่ายานำกลับ,0,0,A - Unit price,90.00 / เม็ด,มี,Active
'010000000137,Liquid Paraffin/**แบบยกขวด 450 ml**,Liquid Paraffin,Liquid Paraffin /หล่อลื่นทางเดินอาหาร,ซีซี,ค่ายานำกลับ,0,0,C - Divide factor price,300.00 / 1,มี,Active
'010000000139,FBC (Ferrous200mg)V.B1/B2/B12/Folic100mcg/calcium100mg,FBC /Foli-C(Fercalmin),FBC (เม็ดสีเลือดหมู)/ ยาบำรุงเลือด,เม็ด,ค่ายานำกลับ,0,0,A - Unit price,5.00 / เม็ด,มี,Active
'010000000140,Haemomaxx 100 ml ( บำรุงเลือดชนิดน้ำ),Haemomaxx ( บำรุงเลือดชนิดน้ำ),Haemomaxx ( บำรุงเลือด/ชนิดน้ำสีดำ),ซีซี,ค่ายานำกลับ,0,0,B - Range price,0.01-30 = 100.00; 30.01-100 = 170.00,มี,Active
'010000000142,Retromed *แบบแบ่งขาย* SC/PO,MAP30,Retromed /ยาเสริมภูมิต้านไวรัส,ซีซี,ค่ายาฉีด / สารน้ำ,0,0,B - Range price,0.01-1 = 150.00; 1.01-2 = 300.00; 2.01-3 = 450.00; 3.01-4 = 600.00; 4.01-5 = 750.00,มี,Active
'010000000146,Immuplex B gold,Immuplex B gold,Immuplex B gold (สีน้ำตาลเม็ดกลม) ยาเสริมภูมิ,เม็ด,ค่ายานำกลับ,0,0,A - Unit price,25.00 / เม็ด,มี,Active
'010000000147,Lysine,Lysine,Lysine(เสริมภูมิคุ้มกัน),เม็ด,ค่ายานำกลับ,0,0,A - Unit price,10.00 / เม็ด,มี,Active
'010000000149,Hepo Liquid 100ml *keyจ่ายทีละ1ขวด***ห้ามแบ่งขาย*,Hepo Liquid 100ml,Hepo Liquid 100ml / ยาบำรุงตับ,ซีซี,ค่ายานำกลับ,0,0,B - Range price,0.01-100 = 270.00,มี,Active
'010000000151,Eicosa-S (OFA - S),OFA - S,OFA - S (บำรุงขนและผิวหนัง),แคปซูล,ค่ายานำกลับ,0,0,A - Unit price,15.00 / แคปซูล,มี,Active
'010000000152,OFA - L,(60 เม็ด),OFA - L (บำรุงขนและผิวหนัง),แคปซูล,ค่ายานำกลับ,0,0,A - Unit price,20.00 / แคปซูล,มี,Active
'010000000153,Valerian (Pet Mood Tab),Pet Mood Tab,Pet Mood Tab,แคปซูล,ค่ายานำกลับ,0.0,0.0,A - Unit price,15.00 / แคปซูล; 15.00 / แคปซูล,มี,Active
'010000000154,RE - B Forte (Reb forte),RE - B Forte (Reb forte),RE - B Forte (บำรุงประสาท)/เม็ดสีชมพู,เม็ด,ค่ายานำกลับ,0,0,A - Unit price,8.00 / เม็ด,มี,Active
'010000000155,Renovet,Renovet,Renovet บำรุงไต,เม็ด,ค่ายานำกลับ,0,0,A - Unit price,15.00 / เม็ด,มี,Active
'010000000157,Silymarin (Samarin 140 mg),Samarin 140 mg,Samarin 140 mg (บำรุงตับ),เม็ด,ค่ายานำกลับ,0,0,A - Unit price,10.00 / เม็ด,มี,Active
'010000000159,Synoquin EFA Large Breed,Synoquin EFA Large Breed,Synoquin EFA Large Breed (บำรุงข้อ),เม็ด,ค่ายานำกลับ,0,0,A - Unit price,40.00 / เม็ด,มี,Active
'010000000160,Synovits syn - o - Vits (Panvit),Synovits syn - o - Vits (Panvit),Multivitamin syrup (วิตามินบำรุง/น้ำสีเหลือง),ซีซี,ค่ายานำกลับ,0,0,B - Range price,0.01-30 = 50.00; 30.01-60 = 100.00; 60.01-90 = 150.00; 90.01-120 = 200.00,มี,Active
'010000000163,"Vitamin B รวม B1,2,6 (Vitamin B complex)",Vitamin B complex,"VitaminB รวม (B1,2,6) (วิตามินบำรุง/เม็ดสีแดงกลม)",เม็ด,ค่ายานำกลับ,0,0,A - Unit price,3.00 / เม็ด,มี,Active
'010000000164,Vitamin C 100,Ascobic acid,VitaminC 100 (วิตามินซี/เม็ดสีน้ำเงิน),เม็ด,ค่ายานำกลับ,0,0,A - Unit price,3.00 / เม็ด,มี,Active
'010000000165,Vitamin C 500,VitC 500,VitaminC 500 (วิตามินซี/เม็ดสีเหลือง),เม็ด,ค่ายานำกลับ,0,0,A - Unit price,5.00 / เม็ด,มี,Active
'010000000166,Folivit 5 mg (folic acid 5 mg),Folivit 5 mg,Folivit 5 mg /บำรุงเลือด,เม็ด,ค่ายานำกลับ,0,0,A - Unit price,5.00 / เม็ด,มี,Active
'010000000167,Vitamin E 200 IU,VitaminE 200 IU,VitaminE 200 IU (วิตามินอี),แคปซูล,ค่ายานำกลับ,0,0,A - Unit price,10.00 / แคปซูล,มี,Active
'010000000169,Retromed  SC/PO (**ขายยกขวด 15ml**),Retromed  SC/PO (**ขายยกขวด 15ml**),Retromed  SC/PO (**ขายยกขวด 15ml**),ขวด,ค่ายานำกลับ,0,0,A - Unit price,"1,950.00 / ขวด",มี,Active
'010000000170,Levothyroxine sodium 100 mcg *ไทรอย* (Thyrosit 100 mcg),Thyrosit 100 mcg (Thyroxine),Thyrosit 100 mcg (ยาไทรอยด์),เม็ด,ค่ายานำกลับ,0,0,A - Unit price,5.00 / เม็ด,มี,Active
'010000000171,Transamine 250 mg /cap( ห้ามเลือด),Transamine capsule,Transamine 250 mg (ห้ามเลือด),แคปซูล,ค่ายานำกลับ,0,0,A - Unit price,10.00 / แคปซูล,มี,Active
'010000000173,แคปซูลเปล่า เบอร์ 0 (Capsule),แคปซูลเปล่าสำหรับแบ่งยา เบอร์ 0 (Capsule),แคปซูลเปล่า เบอร์ 0 (Capsule),แคปซูล,ค่ายานำกลับ,0,0,A - Unit price,2.00 / แคปซูล,มี,Active
'010000000174,Azathioprine 50 mg (Immuran 50 mg),Immuran 50 mg,Azathioprine 50 mg (กดภูมิ),เม็ด,ค่ายานำกลับ,0,0,A - Unit price,25.00 / เม็ด,มี,Active
'010000000175,Cyclophosphamide 50 mg (Cycloxan 50 mg),Cycloxan 50 mg,Cyclophosphamide 50 mg (ต้านเนื้องอก),เม็ด,ค่ายานำกลับ,0,0,A - Unit price,30.00 / เม็ด,มี,Active
'010000000181,Drontal Cat (ถ่ายพยาธิ) 1:4kg*ห้ามแมวท้องกิน**,Drontal Cat (ถ่ายพยาธิ),Drontal Cat (ยาถ่ายพยาธิ),เม็ด,ค่ายานำกลับ,0,0,C - Divide factor price,60.00 / 1,มี,Active
'010000000182,Simparica TRIO (5-10kg),Simparica TRIO (5-10kg),Simparica TRIO (5-10kg) (กินเดือนละครั้ง),เม็ด,ค่ายานำกลับ,0,0,A - Unit price,260.00 / เม็ด,มี,Active
'010000000183,Pyrapam syrub (Pyrantel) (1 ขวด),Pyrapam syrub (Pyrantel),Pyrapam syrub (Pyrantel) (ถ่ายพยาธิ),ซีซี,ค่ายานำกลับ,0.0,0.0,A - Unit price,80.00 / ซีซี; 60.00 / ซีซี,มี,Active
'010000000184,Pyrapam syrub (Pyrantel),Pyrapam syrub,Pyrapam syrub (ถ่ายพยาธิ),ซีซี,ค่ายาฉีด / สารน้ำ,0,0,B - Range price,0.01-1 = 30.00; 1.01-2 = 40.00; 2.01-3 = 50.00,มี,Active
'010000000186,Simparica TRIO (1.25-2.5 kg),Simparica TRIO (1.25-2.5 kg),Simparica TRIO (1.25-2.5 kg)/เดือนละครั้ง,เม็ด,ค่ายานำกลับ,0,0,A - Unit price,220.00 / เม็ด,มี,Active
'010000000187,Simparica TRIO (2.5-5 kg),Simparica TRIO (2.5-5 kg),Simparica TRIO (2.5-5 kg)(กินเดือนละครั้ง),เม็ด,ค่ายานำกลับ,0,0,A - Unit price,240.00 / เม็ด,มี,Active
'010000000189,Ivermectin (ยากิน) (IVM),Ivomec,Ivermectin (ยาฆ่าไรขี้เรื้อน),ซีซี,ค่ายานำกลับ,0,0,A - Unit price,30.00 / ซีซี,มี,Active
'010000000190,Virbagen Omega ผสมแล้ว,Virbagen Omega,Virbagen(เสริมภูมิ),ซีซี,ค่ายานำกลับ,0,0,B - Range price,0.01-10 = 150.00; 10.01-20 = 250.00; 20.01-30 = 350.00,มี,Active
'010000000193,"Incide(ยาถ่ายพยาธิ) (Febentel 150 mg, Paziquantel 50 mg, Pyrantel 144 mg) 1:10kg",Incide/Prarintel,Prarintel/ยาถ่ายพยาธิ,เม็ด,ค่ายานำกลับ,0,0,A - Unit price,40.00 / เม็ด,มี,Active
'010000000195,Potassium 1.5 g/10 ml (ยากิน) ขายยก ampule,Potassium 1.5 g/10 ml (ยากิน) ขายยก ampule,Potassium 1.5 g/10 ml,Ampule,ค่ายานำกลับ,0.0,0.0,A - Unit price,80.00 / Ampule,มี,Active
'010000000198,Rabbit care plus 70g,Rabbit care plus 70g QBA+PA,Rabbit care plus 70g (อาหารเสริมสำหรับสัตว์ป่วย),กระปุก,ค่ายานำกลับ,0,0,A - Unit price,215.00 / กระปุก,มี,Active
'010000000202,Synoquin EFA Large Breed (ยกกล่อง30 เม็ด),Synoquin EFA Large Breed,Synoquin EFA Large Breed (ยกกล่อง30 เม็ด) (บำรุงข้อ),เม็ด,ค่ายานำกลับ,0,0,C - Divide factor price,"1,100.00 / 1",มี,Active
'010000000206,Hydrochlorothiazide (HCTZ) 50mg,,Hydrochlorothiazide HTCZ 50 mg(ยาขับน้ำ)/สีส้มอ่อน,เม็ด,ค่ายานำกลับ,0,0,A - Unit price,5.00 / เม็ด,มี,Active
'010000000211,Norfloxacin 200 mg,,Norfloxacin 200 mg(ปฏิชีวนะ) เม็ดสีขาววงรี,เม็ด,ค่ายานำกลับ,0,0,A - Unit price,8.00 / เม็ด,มี,Active
'010000000213,Terbutaline syrup (1.5 mg/5 ml) (broncolix),broncolix (1ขวดมี 60ml),Terbutaline syrup (broncolix) (ขยายหลอดลม ลดอการไอ)สีใส,ซีซี,ค่ายานำกลับ,0,0,B - Range price,0.01-30 = 50.00; 30.01-60 = 100.00,มี,Active
'010000000219,Praziquantel 600 mg,OPTICDE-FC,Praziquantel 600 mg /ยาถ่ายพยาธิ,เม็ด,ค่ายานำกลับ,0,0,A - Unit price,50.00 / เม็ด,มี,Active
'010000000220,Hepato tab,,Hepato tab (บำรุงตับ),เม็ด,ค่ายานำกลับ,0,0,A - Unit price,15.00 / เม็ด,มี,Active
'010000000221,Caredio-Balance for dog,Caredio-Balance for dog,Caredio-Balance for dog (บำรุงหัวใจ),เม็ด,ค่ายานำกลับ,0,0,A - Unit price,15.00 / เม็ด,มี,Active
'010000000223,Petme-lyte (ผงเกลือแร่),Petme-lyte (ผงเกลือแร่),Petme-lyte (ผงเกลือแร่),ซอง,ค่ายานำกลับ,0,0,A - Unit price,25.00 / ซอง,มี,Active
'010000000225,Piroxicam 10 mg (เม็ดเหลืองกลม),Piroxicam 10 mg  (บรรเทาปวด ลดการอักเสบ),Piroxicam 10 mg (บรรเทาปวด ลดการอักเสบ) (เม็ดเหลืองกลม),เม็ด,ค่ายานำกลับ,0,0,A - Unit price,8.00 / เม็ด,มี,Active
'010000000228,Unison enema (ลูกสวนช่วยระบาย),Unison enema (ลูกสวนช่วยระบาย),Unison enema (ลูกสวนช่วยระบาย),หลอด,ค่ายานำกลับ,0,0,A - Unit price,20.00 / หลอด,มี,Active
'010000000229,Onsior 6 mg (ลดปวด/ลดอักเสบ),Onsior 6 mg,Onsior 6 mg (ลดปวด/ลดอักเสบ),เม็ด,ค่ายานำกลับ,0,0,A - Unit price,30.00 / เม็ด,มี,Active
'010000000230,i-Cal plus (calcium),i-Cal plus (calcium),i-Cal plus (calcium) แคลเซียม,เม็ด,ค่ายานำกลับ,0,0,A - Unit price,10.00 / เม็ด,มี,Active
'010000000231,i-Cal plus (calcium) (25เม็ด),i-Cal plus (calcium),i-Cal plus (calcium) (25เม็ด) แคลเซียม,เม็ด,ค่ายานำกลับ,0,0,A - Unit price,200.00 / เม็ด,มี,Active
'010000000235,Caredio-Balance for dog (30 เม็ด),Caredio-Balance for dog (30 เม็ด/กระปุก),Caredio-Balance for dog (30 เม็ด/กระปุก) บำรุงหัวใจ,เม็ด,ค่ายานำกลับ,0,0,C - Divide factor price,350.00 / 1,มี,Active
'010000000240,pimobendan (vetmedin) 1.25 mg.,pimobendan (vetmedin) 1.25 mg. เพิ่มการบีบตัวของหัวใจ,pimobendan (vetmedin) 1.25 mg. เพิ่มการบีบตัวของหัวใจ,เม็ด,ค่ายานำกลับ,0,0,A - Unit price,50.00 / เม็ด,มี,Active
'010000000241,pimobendan (vetmedin) 5 mg.,pimobendan (vetmedin) 5 mg. เพิ่มการบีบตัวของหัวใจ,pimobendan (vetmedin) 5 mg. เพิ่มการบีบตัวของหัวใจ,เม็ด,ค่ายานำกลับ,0,0,A - Unit price,100.00 / เม็ด,มี,Active
'010000000245,(Amoxicillin 100 mg + Clavulanic 25 mg ) AMC 125 mg,Amoxclamed 125 mg (ยาปฏิชีวนะ),Amoxclamed 125 mg (ยาปฏิชีวนะ),เม็ด,ค่ายานำกลับ,0,0,A - Unit price,15.00 / เม็ด,มี,Active
'010000000247,pyrantel 125 mg.(pyrapam),pyrantel 125 mg.(pyrapam),pyrantel 125 mg.(pyrapam),เม็ด,ค่ายาฉีด / สารน้ำ,0,0,A - Unit price,10.00 / เม็ด,ไม่มี,Active
'010000000248,bravecto 2 - 4.5 kg. (fluralaner 112.5 mg.),bravecto 2 - 4.5 kg. (fluralaner 112.5 mg.),bravecto 2 - 4.5 kg. (fluralaner 112.5 mg.),เม็ด,ค่ายานำกลับ,0,0,A - Unit price,600.00 / เม็ด,มี,Active
'010000000249,bravecto 4.5-10 kg. (fluralaner 250 mg.),bravecto 4.5-10 kg. (fluralaner 250 mg.),bravecto 4.5-10 kg. (fluralaner 250 mg.)/ป้องกันเห็บหมัด,เม็ด,ค่ายานำกลับ,0,0,A - Unit price,700.00 / เม็ด,มี,Active
'010000000250,bravecto 10-20 kg. (fluralaner 500 mg.),bravecto 10-20 kg. (fluralaner 500 mg.),bravecto 10-20 kg. (fluralaner 500 mg.),เม็ด,ค่ายานำกลับ,0,0,A - Unit price,800.00 / เม็ด,มี,Active
'010000000251,bravecto 20-40 kg. (fluralaner 1000 mg.),bravecto 20-40 kg. (fluralaner 1000 mg.),bravecto 20-40 kg. (fluralaner 1000 mg.),เม็ด,ค่ายานำกลับ,0,0,A - Unit price,900.00 / เม็ด,มี,Active
'010000000252,Amoxicillin 500 mg + Clavulanic 125 mg (Ranclav 625 mg) AMC,Ranclav  625 mg,Amoxi 500 mg + Clav 125 mg (AMC 625 mg)(ปฏิชีวนะ),เม็ด,ค่ายานำกลับ,0,0,A - Unit price,30.00 / เม็ด,มี,Active
'010000000253,fortekor (benazepril 5 mg),fortekor (benazepril 5 mg),benazepril 5 mg.(ขยายหลอดเลือด),เม็ด,ค่ายานำกลับ,0,0,A - Unit price,40.00 / เม็ด,มี,Active
'010000000254,fortekor (benazepril 5 mg) (28 เม็ด),fortekor (benazepril 5 mg),fortekor (benazepril 5 mg) (28 เม็ด) (ขยายหลอดเลือด),เม็ด,ค่ายานำกลับ,0,0,C - Divide factor price,"1,000.00 / 1",มี,Active
'010000000255,Hairball Solution (air-lax) แบ่งขาย,Hairball Solution (สลายก้อนขน),Hairball Solution (air-lax) แบ่งขาย (สลายก้อนขน),ซีซี,ค่ายานำกลับ,0,0,C - Divide factor price,80.00 / 30,มี,Active
'010000000256,Hairball Solution (air-lax) 100 ml.,Hairball Solution (สลายก้อนขน),Hairball Solution (air-lax) 100 ml. (สลายก้อนขน),หลอด,ค่ายานำกลับ,0,0,A - Unit price,260.00 / หลอด,มี,Active
'010000000257,Phenobarbital 60 mg (PB 60),Phenobarbital 60 mg,Phenobarbital 60 mg (ระงับชัก),เม็ด,ค่ายานำกลับ,0,0,A - Unit price,7.00 / เม็ด,มี,Active
'010000000258,Antinol,Antinol,Antinol (บำรุงข้อ/ลดอักเสบ),แคปซูล,ค่ายานำกลับ,0,0,A - Unit price,30.00 / แคปซูล,มี,Active
'010000000259,Lopress(prazosin 1 mg.) คลายหูรูดทางเดินปัสสาวะ,Lopress(prazosin 1 mg.) คลายหูรูดทางเดินปัสสาวะ,Lopress(prazosin 1 mg.) คลายหูรูดทางเดินปัสสาวะ,เม็ด,ค่ายานำกลับ,0,0,A - Unit price,5.00 / เม็ด,มี,Active
'010000000261,Lypex,Lypex (ยาช่วยย่อย),Lypex (ยาช่วยย่อย),แคปซูล,ค่ายานำกลับ,0,0,A - Unit price,65.00 / แคปซูล,มี,Active
'010000000262,Aktivait S (บำรุงร่ายกาย),Aktivait S (บำรุงร่ายกาย),Akitivait S (บำรุงร่ายกาย),แคปซูล,ค่ายานำกลับ,0,0,A - Unit price,35.00 / แคปซูล,มี,Active
'010000000268,NexGard spectra 15-30 kg.(ขายยกกล่อง 3เม็ด/กล่อง),NexGard spectra 15-30 kg.(ขายยกกล่อง 3เม็ด/กล่อง),NexGard spectra 15-30 kg.(ขายยกกล่อง 3เม็ด/กล่อง),เม็ด,ค่ายานำกลับ,0,0,A - Unit price,"1,350.00 / เม็ด",มี,Active
'010000000269,NexGard spectra 15-30 kg.,NexGard spectra 15-30 kg.,NexGard spectra 15-30 kg.,เม็ด,ค่ายานำกลับ,0,0,A - Unit price,460.00 / เม็ด,มี,Active
'010000000270,NexGard spectra 30-60 kg.(ขายยกกล่อง 3เม็ด/กล่อง),NexGard spectra 30-60 kg.(ขายยกกล่อง 3เม็ด/กล่อง),NexGard spectra 30-60 kg.(ขายยกกล่อง 3เม็ด/กล่อง),เม็ด,ค่ายานำกลับ,0,0,A - Unit price,"1,450.00 / เม็ด",มี,Active
'010000000271,NexGard spectra 30-60 kg.,NexGard spectra 30-60 kg.,NexGard spectra 30-60 kg.,เม็ด,ค่ายานำกลับ,0,0,A - Unit price,500.00 / เม็ด,มี,Active
'010000000272,NexGard spectra 7.5-15 kg.(ขายยกกล่อง 3เม็ด/กล่อง),NexGard spectra 7.5-15 kg.(ขายยกกล่อง 3เม็ด/กล่อง),NexGard spectra 7.5-15 kg.(ขายยกกล่อง 3เม็ด/กล่อง),เม็ด,ค่ายานำกลับ,0,0,A - Unit price,"1,230.00 / เม็ด",มี,Active
'010000000273,NexGard spectra 7.5-15 kg.,NexGard spectra 7.5-15 kg.,NexGard spectra 7.5-15 kg.,เม็ด,ค่ายานำกลับ,0,0,A - Unit price,420.00 / เม็ด,มี,Active
'010000000274,NexGard spectra 3.5-7.5 kg.(ขายยกกล่อง 3เม็ด/กล่อง),NexGard spectra 3.5-7.5 kg.(ขายยกกล่อง 3เม็ด/กล่อง),NexGard spectra 3.5-7.5 kg.(ขายยกกล่อง 3เม็ด/กล่อง),เม็ด,ค่ายานำกลับ,0,0,A - Unit price,"1,140.00 / เม็ด",มี,Active
'010000000275,NexGard spectra 3.5-7.5 kg.,NexGard spectra 3.5-7.5 kg.,NexGard spectra 3.5-7.5 kg.,เม็ด,ค่ายานำกลับ,0,0,A - Unit price,390.00 / เม็ด,มี,Active
'010000000278,oclacitinib 16 mg.(apoquel) ลดอักเสบลดคัน,oclacitinib 16 mg.(apoquel) ลดอักเสบลดคัน,oclacitinib 16 mg.(apoquel) ลดอักเสบลดคัน เม็ดรี สีขาว,เม็ด,ค่ายานำกลับ,0,0,A - Unit price,110.00 / เม็ด,มี,Active
'010000000279,Famcicclovir 250 mg. (Famvir) ยาต้านไวรัส,Famcicclovir 250 mg.(Famvir) ยาต้านไวรัส,Famcicclovir 250 mg.(Famvir) ยาต้านไวรัส,เม็ด,ค่ายานำกลับ,0,0,C - Divide factor price,180.00 / 1,มี,Active
'010000000282,Milbemax (5-25kg.),Milbemax (5-25kg.),Milbemax (5-25kg.) ถ่ายพยาธิและป้องกันพยาธิหนอนหัวใจ,เม็ด,ค่ายานำกลับ,0,0,A - Unit price,120.00 / เม็ด,มี,Active
'010000000284,samylin small breed S,samylin small breed S,samylin small breed S (บำรุงตับ),เม็ด,ค่ายานำกลับ,0,0,A - Unit price,70.00 / เม็ด,มี,Active
'010000000285,Tystatin (ยาฆ่าเชื้อยีสต์) 12 ml.,Tystatin (ยาฆ่าเชื้อยีสต์) 12 ml.,Tystatin (ยาฆ่าเชื้อยีสต์) 12 ml.,ซีซี,ค่ายานำกลับ,0,0,A - Unit price,80.00 / ซีซี,มี,Active
'010000000286,flumax เสริมภูมิต้านไวรัส (150 ml/ขวด),flumax เสริมภูมิต้านไวรัส,flumax เสริมภูมิต้านไวรัส/ชนิดเจลสีดำ,ซีซี,ค่ายานำกลับ,0,0,B - Range price,"0.01-30 = 260.00; 30.01-60 = 520.00; 60.01-90 = 780.00; 90.01-120 = 1,040.00; 120.01-150 = 1,300.00",มี,Active
'010000000287,amitriptyline (คลายเครียด),amitriptyline (คลายเครียด),amitriptyline (คลายเครียด),เม็ด,ค่ายานำกลับ,0,0,A - Unit price,5.00 / เม็ด,มี,Active
'010000000288,ii care(Lutein) บำรุงสายตา (30เม็ด),ii care(Lutein) บำรุงสายตา(ขายยกกล่อง30เม็ด),ii care(Lutein) บำรุงสายตา(ขายยกกล่อง30เม็ด),กล่อง,ค่ายานำกลับ,0,0,A - Unit price,360.00 / กล่อง,มี,Active
'010000000290,samylin large breed L,samylin large breed L(บำรุงตับ),samylin large breed  L (บำรุงตับ),เม็ด,ค่ายานำกลับ,0,0,A - Unit price,130.00 / เม็ด,มี,Active
'010000000291,Simparica TRIO (20.1-40kg),Simparica TRIO (20.1-40kg),Simparica TRIO (20.1-40kg)(กินเดือนละครั้ง),เม็ด,ค่ายานำกลับ,0,0,A - Unit price,350.00 / เม็ด,มี,Active
'010000000292,LPS(lipopolysaccharide extract) กระตุ้นเสริมภูมิ,LPS(lipopolysaccharide extract) กระตุ้นเสริมภูมิ,LPS(lipopolysaccharide extract) กระตุ้นเสริมภูมิ,เม็ด,ค่ายานำกลับ,0,0,A - Unit price,30.00 / เม็ด,มี,Active
'010000000293,Simparica TRIO  (10.1-20kg),Simparica TRIO  (10.1-20kg),Simparica TRIO  (10.1-20kg)(กินเดือนละครั้ง),เม็ด,ค่ายานำกลับ,0,0,A - Unit price,310.00 / เม็ด,มี,Active
'010000000294,TrichoS (กระตุ้นเส้นขน),TrichoS (กระตุ้นเส้นขน),TrichoS (กระตุ้นเส้นขน),เม็ด,ค่ายานำกลับ,0,0,A - Unit price,25.00 / เม็ด,มี,Active
'010000000296,mirtazapine 15 mg.,mirtazapine 15 mg.,mirtazapine 15 mg.(ยากระตุ้นความอยากอาหาร),เม็ด,ค่ายานำกลับ,0,0,A - Unit price,50.00 / เม็ด,มี,Active
'010000000297,Amoxicillin 250 mg + Clavulanic 125 mg (AMC 375 mg),AMK 375 mg.,AMK 375 mg.(ยาปฏิชีวนะ),เม็ด,ค่ายานำกลับ,0.0,0.0,A - Unit price,20.00 / เม็ด,มี,Active
'010000000298,biocalm (Tolperisone hyrochloride 50 mg),Tolperisone hyrochloride 50 mg. (biocalm) คลายกล้ามเนื้อ,biocalm (คลายกล้ามเนื้อ),เม็ด,ค่ายานำกลับ,0,0,A - Unit price,5.00 / เม็ด,มี,Active
'010000000299,calcilux (ผงแคลเซียม)EX,calcilux (ผงแคลเซียม)EX,calcilux (ผงแคลเซียม),กรัม,ค่ายานำกลับ,0,0,A - Unit price,20.00 / กรัม,มี,Active
'010000000300,Fenbendazole 250 mg,Fenbendazole 250 mg,Fenbendazole 250 mg/ยาถ่ายพยาธิ,เม็ด,ค่ายานำกลับ,0,0,A - Unit price,50.00 / เม็ด,ไม่มี,Active
'010000000301,***ไม่ใช้***Wormout gel (ถ่ายพยาธิ),Wormout gel (ถ่ายพยาธิ),Wormout gel (ถ่ายพยาธิ),ซีซี,ค่ายานำกลับ,0.0,0.0,A - Unit price,50.00 / ซีซี,มี,Active
'010000000302,Avi-chol,Avi-chol,Avi-chol (บำรุงตับ/บำรุงขน/กระตุ้นความอยากอาหาร),ซีซี,ค่ายานำกลับ,0,0,B - Range price,0.01-10 = 50.00; 10.01-20 = 100.00; 20.01-30 = 150.00,มี,Active
'010000000303,Tx: Meropenem 1g.,Tx: Meropenem 1g.,Tx: Meropenem 1g.,ขวด,ค่ายาฉีด / สารน้ำ,0,0,A - Unit price,300.00 / ขวด,มี,Active
'010000000306,Meloxicam inj.,(Tx.) Meloxicam inj.,(Tx.) Meloxicam inj.,ซีซี,ค่ายาฉีด / สารน้ำ,0,0,B - Range price,0.01-0.5 = 80.00; 0.51-1 = 150.00; 1.01-1.5 = 200.00; 1.51-2 = 260.00; 2.01-2.5 = 320.00; 2.51-3 = 380.00; 3.01-3.5 = 440.00; 3.51-4 = 500.00,ไม่มี,Active
'010000000307,B-young (บำรุงสมอง),B-young (บำรุงสมอง),B-young (บำรุงสมอง),เม็ด,ค่ายานำกลับ,0,0,A - Unit price,20.00 / เม็ด,มี,Active
'010000000308,OMNI-VIT (วิตามินรวม) (5 กรัม),OMNI-VIT (วิตามินรวม) (5 กรัม),OMNI-VIT (วิตามินรวม) (5 กรัม),ซอง,ค่ายานำกลับ,0,0,A - Unit price,100.00 / ซอง,มี,Active
'010000000309,Avian enzyme (เอนไซม์ช่วยย่อย),Avian enzyme (เอนไซม์ช่วยย่อย),Avian enzyme  (เอนไซม์ช่วยย่อย),กรัม,ค่ายานำกลับ,0,0,C - Divide factor price,100.00 / 10,มี,Active
'010000000310,Levetiracetam 500 mg/Keppra(ยาระงับชัก),Keppra/,Levetiracetam 500 mg (ยาระงับชัก),เม็ด,ค่ายานำกลับ,0,0,A - Unit price,20.00 / เม็ด,มี,Active
'010000000312,Keppra (100 mg/ml) ยาระงับชัก,Keppra (100 mg/ml) ยาระงับชัก,Keppra (100 mg/ml) ยาระงับชัก,ซีซี,ค่ายานำกลับ,0,0,B - Range price,0-15 = 250.00; 15.01-30 = 450.00; 30.01-60 = 900.00,มี,Active
'010000000313,Pure albumin เสริมโปรตีนอัลบูมิน,Pure albumin เสริมโปรตีนอัลบูมิน,Pure albumin เสริมโปรตีนอัลบูมิน,เม็ด,ค่ายานำกลับ,0,0,A - Unit price,10.00 / เม็ด,มี,Active
'010000000315,Onsior 20mg/ml Inj  SC,,Onsior 20mg/ml Inj  SC,ซีซี,ค่ายาฉีด / สารน้ำ,0,0,B - Range price,0.01-0.5 = 80.00; 0.51-1 = 120.00; 1.01-1.5 = 180.00; 1.51-2 = 240.00; 2.01-2.5 = 300.00; 2.51-3 = 360.00; 3.01-3.5 = 420.00; 3.51-4 = 480.00; 4.01-4.5 = 540.00; 4.51-5 = 600.00,ไม่มี,Active
'010000000316,Molnupiravir 200mg/แคปซูล(ยาต้านไวรัส),MONOVIR,Molnupiravir 200mg/(ยาต้านไวรัส),แคปซูล,ค่ายานำกลับ,0,0,A - Unit price,30.00 / แคปซูล,มี,Active
'010000000317,Finasteride 5mg /ยารักษาภาวะต่อมลูกหมากโต,Fioide,Finasteride 5mg /ยารักษาภาวะต่อมลูกหมากโต,เม็ด,ค่ายานำกลับ,0,0,A - Unit price,20.00 / เม็ด,มี,Active
'010000000318,Methimazole 5 mg (ยับยั้งไทรอย์),Methimazole 5 mg,Methimazole 5 mg /ยับยั้งไทรอย์,เม็ด,ค่ายานำกลับ,0,0,A - Unit price,5.00 / เม็ด,มี,Active
'010000000319,Recovery 283.5 g**ของนก**,,Recovery 283.5 g/อาหารช่วยในการฟื้นฟู,กรัม,ค่ายานำกลับ,0,0,B - Range price,0.01-140 = 220.00; 140.1-283.5 = 390.00,ไม่มี,Active
'010000000320,Pregabalin 75 mg/Cap,TOPRELIN,Pregabalin 75 mg/ลดปวดจากระบบประสาท,แคปซูล,ค่ายานำกลับ,0,0,A - Unit price,20.00 / แคปซูล,มี,Active
'010000000321,Leventa 30 ml /*ไทรอยน้ำ*,Leventa (levothyroxine 100 mcg,Leventa 30 ml /รักษาไทรอยด์,ซีซี,ค่ายานำกลับ,0,0,A - Unit price,850.00 / ซีซี,มี,Active
'010000000322,Trilostane 10 mg (Vetoryl),VETORYL,Trilostane 10 mg (Vetoryl) /รักษาภาวะต่อมหมวกไต,แคปซูล,ค่ายานำกลับ,0,0,A - Unit price,90.00 / แคปซูล,มี,Active
'010000000323,Chlorambucil 2 mg (ยาต้านเนื้องอก),Leukeran,Chlorambucil 2 mg (ยาต้านเนื้องอก),เม็ด,ค่ายานำกลับ,0,0,A - Unit price,35.00 / เม็ด,มี,Active
'010000000324,Chlorpheniramine syrup (0.4mg/ml) (CPM syrup),CHLOPHEN (Lotนี้ น้ำสีชมพู),Chlorpheniramine syrup (แก้แพ้/ลดคัน),ซีซี,ค่ายานำกลับ,0.0,0.0,B - Range price,0.01-30 = 50.00; 30.01-60 = 100.00,มี,Active
'010000000325,OFA - L  (ยกกระปุก60แคปซูล),OFA – L,(ยกกล่อง 60แคปซูล) OFA - L บำรุงขนและผิวหนัง,กระปุก,ค่ายานำกลับ,0.0,0.0,C - Divide factor price,"1,120.00 / 1",มี,Active
'010000000326,(ยกกล่อง 60แคปซูล) Aktivait  breed M&L (60 แคปซูล),Aktivait  breed M&L (บำรุงร่ายกาย),(ยกกล่อง 60แคปซูล) Aktivait  breed M&L (60 แคปซูล)/(บำรุงสมอง),กล่อง,ค่ายานำกลับ,0.0,0.0,C - Divide factor price,"2,800.00 / 1",มี,Active
'010000000327,(ยกกล่อง 60แคปซูล)Aktivait S (บำรุงสมอง) (60 แคปซูล),Aktivait S (บำรุงสมอง) ขายยกกล่อง,(ยกกล่อง 60แคปซูล)Aktivait S (บำรุงสมอง),กล่อง,ค่ายานำกลับ,0.0,0.0,C - Divide factor price,"2,000.00 / 1",มี,Active
'010000000328,(ยกกล่อง30เม็ด)samylin small breed S (30 เม็ด),samylin small breed S,(ยกกล่อง30เม็ด) samylin small breed S (30 เม็ด)(บำรุงตับ),กล่อง,ค่ายานำกลับ,0.0,0.0,C - Divide factor price,"2,000.00 / 1",มี,Active
'010000000329,(ยกกล่อง30เม็ด)samylin large breed L(30 เม็ด),samylin large breed L(บำรุงตับ) (30 เม็ด),(ยกกล่อง30เม็ด)samylin large breed L (บำรุงตับ) (30 เม็ด),กล่อง,ค่ายานำกลับ,0.0,0.0,C - Divide factor price,"3,700.00 / 1",มี,Active
'010000000330,(ยกกล่อง30เม็ด)samylin medium breed M (30 เม็ด),samylin medium M,(ยกกล่อง30เม็ด)samylin medium M (30 เม็ด) (บำรุงตับ),กล่อง,ค่ายานำกลับ,0.0,0.0,C - Divide factor price,"3,500.00 / 1",มี,Active
'010000000331,Taheebo/ยับยั้งเนื้องอก (ยกกระปุก60 เม็ด/กระปุก),IPET S,Taheebo/ยับยั้งเนื้องอก) (60 เม็ด/กระปุก),กระปุก,ค่ายานำกลับ,0.0,0.0,C - Divide factor price,"3,300.00 / 1",มี,Active
'020000000002,Cefazolin (Cefaben) (inj),Cefaben,,ซีซี,ค่ายาฉีด / สารน้ำ,0,0,B - Range price,0.01-1 = 60.00; 1.01-2 = 100.00; 2.01-10 = 150.00,ไม่มี,Active
'020000000003,Ceftriaxone 1 g (Trixophin 1 g) (inj.),Trixophin 1 g,,ขวด,ค่ายาฉีด / สารน้ำ,0,0,A - Unit price,150.00 / ขวด,ไม่มี,Active
'020000000006,Enrofloxacin 5% (Baytril 5%) (inj.),Baytril inj 5%,,ซีซี,ค่ายาฉีด / สารน้ำ,0,0,B - Range price,0.01-0.5 = 60.00; 0.51-1 = 100.00; 1.01-1.5 = 120.00; 1.51-10 = 150.00,ไม่มี,Active
'020000000010,Marbofloxacin 2% (Marbocyl 2 %) (inj.),Marbocyl 2 %,,ซีซี,ค่ายาฉีด / สารน้ำ,0,0,B - Range price,0.01-0.5 = 60.00; 0.51-1 = 100.00; 1.01-1.5 = 120.00; 1.51-10 = 150.00,ไม่มี,Active
'020000000011,Metronidazole (Metrolex) (inj.),Metrolex inj,,ซีซี,ค่ายาฉีด / สารน้ำ,0,0,B - Range price,0.01-20 = 100.00; 20.01-30 = 150.00; 30.01-40 = 200.00; 40.01-100 = 250.00,ไม่มี,Active
'020000000014,Vincristin (inj.),Vincristin 1 ml,,ซีซี,ค่ายาฉีด / สารน้ำ,0,0,B - Range price,0.01-0.3 = 200.00; 0.31-0.6 = 300.00; 0.61-1 = 350.00; 1.01-2 = 400.00,ไม่มี,Active
'020000000015,Butasyl (inj.),Butasyl,,ซีซี,ค่ายาฉีด / สารน้ำ,0,0,B - Range price,0.01-0.5 = 30.00; 0.51-1 = 50.00; 1.01-2 = 80.00; 2.01-3 = 110.00; 3.01-4 = 140.00; 4.01-10 = 170.00,ไม่มี,Active
'020000000016,Rimadyl (Carprofen),Rimadyl injection,,ซีซี,ค่ายาฉีด / สารน้ำ,0,0,B - Range price,0.01-0.5 = 60.00; 0.51-1 = 100.00; 1.01-1.5 = 150.00; 1.51-2 = 200.00; 2.01-3 = 250.00; 3.01-4 = 300.00,ไม่มี,Active
'020000000017,Dipyrone (inj.) (novacilan),Dipyrone (novacilan),Novacilan,ซีซี,ค่ายาฉีด / สารน้ำ,0,0,B - Range price,0.01-0.5 = 50.00; 0.51-1 = 50.00; 1.01-1.5 = 80.00; 1.51-2 = 80.00; 2.01-10 = 100.00,ไม่มี,Active
'020000000018,Flunixin Meglumine (inj.),Finadyne,Flunixin Meglumine (inj.),ซีซี,ค่ายาฉีด / สารน้ำ,0,0,B - Range price,0.01-0.5 = 50.00; 0.51-1 = 50.00; 1.01-1.5 = 80.00; 1.51-2 = 80.00; 2.01-10 = 100.00,ไม่มี,Active
'020000000019,Tolfenamic acid 4% (Tolfedine 4%),Tolfenamic acid 4% (Tolfedine 4%),Tolfenamic acid 4% (Tolfedine 4%),ซีซี,ค่ายาฉีด / สารน้ำ,0,0,B - Range price,0.01-0.5 = 60.00; 0.51-1 = 100.00; 1.01-1.5 = 120.00; 1.51-2 = 150.00; 2.01-10 = 150.00,ไม่มี,Active
'020000000020,Tramadol (inj.),Tramache,Tramadol injection,ซีซี,ค่ายาฉีด / สารน้ำ,0,0,B - Range price,0.01-0.5 = 60.00; 0.51-1 = 100.00; 1.01-1.5 = 150.00; 1.51-2 = 200.00; 2.01-10 = 250.00,ไม่มี,Active
'020000000021,Morphine sulfate (inj.),Morphine sulfate,,ซีซี,ค่ายาฉีด / สารน้ำ,0,0,B - Range price,0.01-0.5 = 60.00; 0.51-1 = 100.00; 1.01-2 = 150.00; 2.01-3 = 200.00; 3.01-10 = 250.00,ไม่มี,Active
'020000000022,Vescopolamine (Hyoscine) (inj.),Hyoscine,,ซีซี,ค่ายาฉีด / สารน้ำ,0,0,B - Range price,0.01-0.5 = 50.00; 0.51-1 = 50.00; 1.01-1.5 = 80.00; 1.51-2 = 80.00; 2.01-10 = 100.00,ไม่มี,Active
'020000000023,Dexamethasone (inj.),Dexamethasone (inj.),Dexamethasone (inj.),ซีซี,ค่ายาฉีด / สารน้ำ,0,0,B - Range price,0.01-0.5 = 50.00; 0.51-1 = 50.00; 1.01-1.5 = 80.00; 1.51-2 = 80.00; 2.01-10 = 100.00,ไม่มี,Active
'020000000024,Prednisolone (inj.) IM,Prednisolone injection,,ซีซี,ค่ายาฉีด / สารน้ำ,0,0,B - Range price,0.01-0.5 = 50.00; 0.51-1 = 50.00; 1.01-1.5 = 80.00; 1.51-2 = 80.00; 2.01-10 = 100.00,ไม่มี,Active
'020000000026,Acetylcysteine (Flumucil inj 300 mg ) (inj.),Flumucil inj 300 mg,,ซีซี,ค่ายาฉีด / สารน้ำ,0,0,B - Range price,0.01-1.5 = 50.00; 1.51-3 = 100.00; 3.01-6 = 150.00; 6.01-9 = 200.00; 9.01-15 = 250.00,ไม่มี,Active
'020000000027,Adrenaline (inj.),Adrenaline 1 ซีซี/แอมพูล,Adrenaline 1 ซีซี/แอมพูล,ซีซี,ค่ายาฉีด / สารน้ำ,0,0,A - Unit price,50.00 / ซีซี,ไม่มี,Active
'020000000028,Aminophyline 0.25 gm (inj.),Aminophyline 0.25 gm,,ซีซี,ค่ายาฉีด / สารน้ำ,0,0,B - Range price,0.01-10 = 80.00; 10.01-20 = 160.00; 20.01-30 = 240.00; 30.01-40 = 320.00; 40.01-50 = 400.00,ไม่มี,Active
'020000000029,Atropine sulfate (inj.),Atropine sulfate,,ซีซี,ค่ายาฉีด / สารน้ำ,0,0,B - Range price,0.01-0.5 = 30.00; 0.51-1 = 50.00; 1.01-2 = 80.00; 2.01-3 = 100.00; 3.01-4 = 100.00; 4.01-20 = 100.00,ไม่มี,Active
'020000000031,Calcium (Cal-gluconate) (inj.),Calcium (Cal-gluconate) (inj.),Calcium (Cal-gluconate) (inj.),ซีซี,ค่ายาฉีด / สารน้ำ,0,0,B - Range price,0.01-10 = 80.00; 10.01-20 = 160.00; 20.01-30 = 240.00; 30.01-40 = 320.00; 40.01-50 = 400.00; 50.01-60 = 480.00; 60.01-70 = 560.00,ไม่มี,Active
'020000000033,Chlorpheniramine (CPM) (inj.),Chlorpheniramine 1 ml,,ซีซี,ค่ายาฉีด / สารน้ำ,0,0,B - Range price,0.01-0.5 = 30.00; 0.51-1 = 50.00; 1.01-2 = 80.00; 2.01-3 = 100.00; 3.01-4 = 100.00; 4.01-10 = 100.00,ไม่มี,Active
'020000000034,Diazepam (inj.),Diazepam,,ซีซี,ค่ายาฉีด / สารน้ำ,0,0,B - Range price,0.01-0.5 = 30.00; 0.51-1 = 50.00; 1.01-2 = 80.00; 2.01-3 = 100.00; 3.01-4 = 100.00; 4.01-10 = 100.00,ไม่มี,Active
'020000000035,Dopamine 250 mg (inj.),Dopamine 250,,ซีซี,ค่ายาฉีด / สารน้ำ,0.0,0.0,B - Range price,0.01-10 = 100.00; 0.01-10 = 100.00; 10.01-20 = 200.00; 10.01-20 = 200.00; 20.01-30 = 300.00; 20.01-30 = 300.00,ไม่มี,Active
'020000000036,Furosemide 10 mg/ml (inj.),Furosemide 10 mg/ml,,ซีซี,ค่ายาฉีด / สารน้ำ,0,0,B - Range price,0.01-0.5 = 30.00; 0.51-1 = 50.00; 1.01-2 = 80.00; 2.01-3 = 100.00; 3.01-4 = 100.00; 4.01-10 = 100.00,ไม่มี,Active
'020000000038,Glucose 50 % (inj.),Glucose 50 %,Glucose 50 % (inj.),ซีซี,ค่ายาฉีด / สารน้ำ,0,0,B - Range price,0.01-10 = 60.00; 10.01-20 = 120.00; 20.01-30 = 180.00; 30.01-40 = 240.00; 40.01-50 = 300.00; 50.01-60 = 360.00; 60.01-70 = 420.00,ไม่มี,Active
'020000000039,Hemaccele (inj.)(Gelofusine)ขายยกขวด,Hemaccele(Gelofusine),,กระปุก,ค่ายาฉีด / สารน้ำ,0,0,B - Range price,0.01-500 = 500.00,ไม่มี,Active
'020000000040,Heparin (inj.),Heparin (5 ml/ขวด),,ซีซี,ค่ายาฉีด / สารน้ำ,0,0,B - Range price,0.01-1 = 120.00; 1.01-2 = 200.00; 2.01-3 = 280.00,ไม่มี,Active
'020000000041,Ivermectin (inj.) (IVM),Ivermectin (100 ml/ขวด),,ซีซี,ค่ายาฉีด / สารน้ำ,0,0,B - Range price,0.01-1 = 120.00; 1.01-2 = 170.00; 2.01-3 = 220.00; 3.01-4 = 270.00; 4.01-5 = 320.00; 5.01-6 = 370.00,ไม่มี,Active
'020000000042,Laurabolin (inj.),Laurabolin (10 ml/ขวด),,ซีซี,ค่ายาฉีด / สารน้ำ,0,0,B - Range price,0.01-0.5 = 80.00; 0.51-1 = 100.00; 1.01-1.5 = 150.00; 1.51-2 = 200.00; 2.01-2.5 = 250.00,ไม่มี,Active
'020000000044,Manitol 20 % 500 ml (inj.),Manitol 20 % 500 ml,,ซีซี,ค่ายาฉีด / สารน้ำ,0,0,B - Range price,0.01-20 = 100.00; 20.01-30 = 150.00; 30.01-40 = 200.00; 40.01-50 = 250.00; 50.01-60 = 300.00; 60.01-70 = 350.00; 70.01-500 = 400.00,ไม่มี,Active
'020000000045,Metoclopramide (Met - Sil) (inj.),Met - sil inj,,ซีซี,ค่ายาฉีด / สารน้ำ,0,0,B - Range price,0.01-0.5 = 30.00; 0.51-1 = 50.00; 1.01-2 = 80.00; 2.01-3 = 100.00; 3.01-4 = 100.00; 4.01-10 = 100.00,ไม่มี,Active
'020000000047,Omeprazole 40 mg (inj.),Omeprazole inj 40 mg,,ซีซี,ค่ายาฉีด / สารน้ำ,0,0,B - Range price,0.01-1 = 60.00; 1.01-2 = 80.00; 2.01-10 = 160.00,ไม่มี,Active
'020000000050,Potassium 1.5 g/10 ml (inj.),Potassium inj,,ซีซี,ค่ายาฉีด / สารน้ำ,0,0,B - Range price,0.01-10 = 80.00; 10.01-20 = 160.00; 20.01-30 = 240.00; 30.01-40 = 320.00; 40.01-50 = 400.00; 50.01-60 = 480.00; 60.01-70 = 560.00,ไม่มี,Active
'020000000052,Sodium Bicarbonate 10 ml,Sodium Bicarbonate 10 ml,Sodium Bicarbonate 10 ml,ซีซี,ค่ายาฉีด / สารน้ำ,0,0,B - Range price,0.01-10 = 80.00; 10.01-20 = 130.00; 20.01-30 = 180.00; 30.01-40 = 230.00; 40.01-50 = 280.00; 50.01-60 = 330.00; 60.01-70 = 380.00,ไม่มี,Active
'020000000054,Sterile water (inj.),Sterile water,,Ampule,ค่ายาฉีด / สารน้ำ,0,0,A - Unit price,50.00 / Ampule,ไม่มี,Active
'020000000055,Transamin (Tranex - 250) (inj.),Tranex - 250,Transamin (Tranex - 250) (inj.),ซีซี,ค่ายาฉีด / สารน้ำ,0,0,B - Range price,0.01-1 = 50.00; 1.01-2 = 80.00; 2.01-3 = 110.00; 3.01-4 = 140.00; 4.01-5 = 170.00; 5.01-10 = 200.00,ไม่มี,Active
'020000000057,Fercobsang (inj.),Fercobsang,Fercobsang (inj.),ซีซี,ค่ายาฉีด / สารน้ำ,0,0,B - Range price,0.01-0.5 = 50.00; 0.51-1 = 80.00; 1.01-1.5 = 120.00; 1.51-2 = 160.00; 2.01-3 = 200.00,ไม่มี,Active
'020000000058,Vitamin B12 (1000 mcg),VitaminB12 1000 mcg,Vitamin B12 (1000 mcg),ซีซี,ค่ายาฉีด / สารน้ำ,0,0,B - Range price,0.01-0.5 = 30.00; 0.51-1 = 50.00; 1.01-2 = 80.00; 2.01-3 = 100.00; 3.01-4 = 100.00; 4.01-10 = 100.00,ไม่มี,Active
'020000000059,Vitamin C (inj) 250 mg/ml,Vitamin C (inj) 250 mg/ml,Vitamin C (inj) 250 mg/ml,ซีซี,ค่ายาฉีด / สารน้ำ,0,0,B - Range price,0.01-0.5 = 30.00; 0.51-1 = 50.00; 1.01-2 = 80.00; 2.01-3 = 100.00; 3.01-4 = 100.00; 4.01-10 = 100.00,ไม่มี,Active
'020000000061,Vitamin K1 (10 mg/ml),Vitamin K1 (10 mg/ml),Vitamin K1 (10 mg/ml),ซีซี,ค่ายาฉีด / สารน้ำ,0,0,A - Unit price,100.00 / ซีซี,ไม่มี,Active
'020000000062,Vitamin ADE,Vitamin ADE,Vitamin ADE,ซีซี,ค่ายาฉีด / สารน้ำ,0,0,B - Range price,0.01-0.5 = 80.00; 0.51-1 = 80.00; 1.01-2 = 120.00; 2.01-10 = 160.00,ไม่มี,Active
'020000000065,Bupivacaine 5 mg (Marcaine Spinal Heavy 5 mg) (inj.),Marcaine Spinal Heavy 5 mg,,ซีซี,ค่ายาฉีด / สารน้ำ,0.0,0.0,B - Range price,0.01-10 = 200.00; 10.01-20 = 400.00; 0.01-10 = 200.00; 10.01-20 = 400.00,ไม่มี,Active
'020000000066,Dexdomitor (inj.),Dexdomitor,,ซีซี,ค่ายาฉีด / สารน้ำ,0,0,A - Unit price,500.00 / ซีซี,ไม่มี,Active
'020000000067,Isofurane (ยาดมสลบ),Isofurane (250 ml/ขวด),,ชั่วโมง,ค่ายาฉีด / สารน้ำ,0.0,0.0,B - Range price,"0.01-1 = 750.00; 1.01-1.5 = 1,050.00; 1.51-2 = 1,350.00; 2.01-3 = 1,650.00; 3.01-4 = 1,950.00; 4.01-5 = 2,250.00; 0.01-1 = 750.00; 1.01-1.5 = 1,050.00; 1.51-2 = 1,350.00; 2.01-3 = 1,650.00; 3.01-4 = 1,950.00; 4.01-5 = 2,250.00",ไม่มี,Active
'020000000068,Ketamine 50 mg (inj.),Ketamine 50 mg,,ซีซี,ค่ายาฉีด / สารน้ำ,0,0,B - Range price,0.01-1 = 100.00; 1.01-2 = 200.00; 2.01-3 = 300.00; 3.01-4 = 400.00; 4.01-5 = 500.00; 5.01-6 = 600.00; 6.01-7 = 700.00,ไม่มี,Active
'020000000069,Propofol (inj.),Propofol,,ซีซี,ค่ายาฉีด / สารน้ำ,0,0,C - Divide factor price,200.00 / 20,ไม่มี,Active
'020000000070,Xylocaine 2 % (inj.),Xylocaine 2 %,,ซีซี,ค่ายาฉีด / สารน้ำ,0,0,B - Range price,0.01-1 = 100.00; 1.01-2 = 180.00; 2.01-3 = 260.00; 3.01-4 = 340.00; 4.01-5 = 420.00,ไม่มี,Active
'020000000073,WINSULIN-N (NPH 100 iu/ml) 10 ml *ขวดเขียว*,WINSULIN-N (NPH 100 iu/ml),WINSULIN-N (NPH 100 iu/ml) 10 ml *ขวดเขียว*,ขวด,ค่ายานำกลับ,0,0,A - Unit price,400.00 / ขวด,มี,Active
'020000000074,Insugen-R (Regular) (inj.),Insugen-R (Regular),,ซีซี,ค่ายาฉีด / สารน้ำ,0,0,B - Range price,0.01-1 = 100.00; 1.01-2 = 200.00,ไม่มี,Active
'020000000075,EPO 4000 IU/0.4ml(Epokine 4000),Epokine 4000/0.4ml,EPO 4000 IU/0.4ml ฮอร์โมนกระตุ้นสร้างเม็ดเลือด,หลอด,ค่ายานำกลับ,0,0,C - Divide factor price,390.00 / 1,มี,Active
'020000000076,Caninsulin 2.5 ml (40IU/ml),Caninsulin 2.5 ml,Caninsulin 2.5 ml,ขวด,ค่ายานำกลับ,0,0,A - Unit price,420.00 / ขวด,มี,Active
'020000000077,Zoletil 100 (VAC),Zoletil 100 (5 ml / ขวด),Zoletil 100,ซีซี,ค่ายาฉีด / สารน้ำ,0,0,B - Range price,"0.01-0.3 = 200.00; 0.31-0.5 = 300.00; 0.51-1 = 500.00; 1.01-1.5 = 800.00; 1.51-2 = 1,000.00; 2.01-5 = 1,500.00",ไม่มี,Active
'020000000079,Oxytocin (inj.),Oxytocin,,ซีซี,ค่ายาฉีด / สารน้ำ,0,0,B - Range price,0.01-1 = 100.00; 1.01-2 = 200.00,ไม่มี,Active
'020000000081,Iohexal (Omnipaque 300) (inj.),Omnipaque 300,,ซีซี,ค่ายาฉีด / สารน้ำ,0,0,B - Range price,0.01-3 = 100.00; 3.01-4 = 130.00; 4.01-5 = 160.00; 5.01-6 = 190.00; 6.01-7 = 220.00; 7.01-8 = 250.00; 8.01-9 = 280.00,ไม่มี,Active
'020000000087,SDMA,SDMA,,ตัวอย่าง,ค่าตรวจทางห้องปฎิบัติการ,0.0,0.0,A - Unit price,500.00 / ตัวอย่าง; 500.00 / ตัวอย่าง,ไม่มี,Active
'020000000088,Feline Pro BNP,,Feline Pro BNP,ตัวอย่าง,ค่าตรวจทางห้องปฎิบัติการ,0,0,A - Unit price,600.00 / ตัวอย่าง,ไม่มี,Active
'020000000089,เพาะแยกเชื้อราและทดสอบความไวยา,,,ตัวอย่าง,ค่าตรวจทางห้องปฎิบัติการ,0,0,A - Unit price,"1,750.00 / ตัวอย่าง",ไม่มี,Active
'020000000091,Rabies vaccine (Rabisin) วัคซีนพิษสุนัขบ้า,Rabisin,วัคซีนพิษสุนัขบ้า,dose,ค่าวัคซีน,0,0,A - Unit price,60.00 / dose,ไม่มี,Active
'020000000092,Vanguard HTLP 5/CV-L vaccine (วัคซีนรวม 5 โรค),Vanguard HTLP 5/CV-L,วัคซีนรวม 5 โรค,dose,ค่าวัคซีน,0,0,A - Unit price,200.00 / dose,ไม่มี,Active
'020000000094,Feline Rhinotracheitis-Calici-Panleukopenia-Chlamydia Psittaci vaccine (Novibac:Feline 1-HCPCh) วัคซีนไข้หัด-หวัดแมว,Novibac:Feline 1-HCPCh,วัคซีนไข้หัด-หวัดแมว,dose,ค่าวัคซีน,0,0,A - Unit price,200.00 / dose,ไม่มี,Active
'020000000095,Feline Leukemia vaccine (Nobivac:Feline 2-FeLV) วัคซีนลิวคีเมีย,Nobivac:Feline 2-FeLV,วัคซีนลิวคีเมีย,dose,ค่าวัคซีน,0,0,A - Unit price,300.00 / dose,ไม่มี,Active
'020000000098,Diazepam0.1-1ml/ไซริงค์ (สวนทวาร),Diazepam,Diazepam(0.1-1ml)/ ยาระงับชักสวนก้น,ไซริงค์,ค่ายานำกลับ,0,0,A - Unit price,30.00 / ไซริงค์,มี,Active
'020000000100,Gentamycin (inj),Gentamycin (inj),Gentamycin (inj),ซีซี,ค่ายาฉีด / สารน้ำ,0,0,B - Range price,0.01-0.5 = 60.00; 0.51-1 = 60.00; 1.01-1.5 = 100.00; 1.51-2 = 100.00; 2.01-10 = 150.00,ไม่มี,Active
'020000000101,Sulfa-Trimethropim 240 mg/ml (STMP) (Inj),(Tx) Sulfa-Trimethropim 240 mg/ml (STMP) (Inj),(Tx) Sulfa-Trimethropim 240 mg/ml (STMP) (Inj),ซีซี,ค่ายาฉีด / สารน้ำ,0,0,B - Range price,0.01-0.5 = 60.00; 0.51-1 = 60.00; 1.01-1.5 = 100.00; 1.51-2 = 100.00; 2.01-10 = 150.00,ไม่มี,Active
'020000000102,Enrofloxacin 100 mg/ml (Inj) (Syvaquinol),(Tx) Enrofloxacin (Syvaquinol) 100 mg/ml (Inj),(Tx) Enrofloxacin (Syvaquinol) 100 mg/ml (Inj),ซีซี,ค่ายาฉีด / สารน้ำ,0,0,B - Range price,0.01-0.5 = 60.00; 0.51-1 = 60.00; 1.01-1.5 = 100.00; 1.51-2 = 100.00; 2.01-10 = 150.00,ไม่มี,Active
'020000000105,Ampicillin 1g/vial (Inj),(Tx) Ampicillin (Inj),(Tx) Ampicillin (Inj),ซีซี,ค่ายาฉีด / สารน้ำ,0,0,B - Range price,0.01-0.5 = 60.00; 0.51-1 = 60.00; 1.01-1.5 = 100.00; 1.51-2 = 100.00; 2.01-10 = 150.00,ไม่มี,Active
'020000000106,Oxytetracyclin as HCL and Lidocain 40 mg/2ml (Oxytet)(Inj),(Tx) Oxytetracyclin (Inj),(Tx) Oxytetracyclin (Inj),ซีซี,ค่ายาฉีด / สารน้ำ,0,0,B - Range price,0.01-0.5 = 60.00; 0.51-1 = 60.00; 1.01-1.5 = 100.00; 1.51-2 = 100.00; 2.01-10 = 150.00,ไม่มี,Active
'020000000107,Xylazine (Inj),(Tx) Xylazine (Inj),(Tx) Xylazine (Inj),ซีซี,ค่ายาฉีด / สารน้ำ,0,0,B - Range price,0.01-0.5 = 50.00; 0.51-1 = 100.00; 1.01-2 = 150.00; 4.01-5 = 200.00,ไม่มี,Active
'020000000108,Biocat (inj),(Tx) Biocat(inj),(Tx) Biocat(inj),ซีซี,ค่ายาฉีด / สารน้ำ,0,0,B - Range price,0.01-0.5 = 30.00; 0.51-1 = 50.00; 1.01-2 = 80.00; 2.01-3 = 100.00; 3.01-4 = 100.00; 4.01-10 = 100.00,ไม่มี,Active
'020000000109,Metabolase (ยาบำรุง),(Tx) Metabolase,(Tx) Metabolase,ซีซี,ค่ายาฉีด / สารน้ำ,0,0,B - Range price,0.01-10 = 30.00; 10.01-20 = 60.00; 20.01-30 = 90.00; 30.01-40 = 120.00; 40.01-50 = 150.00; 50.1-60 = 180.00,ไม่มี,Active
'020000000110,Vinblastin 10 ml,Vinblastin 10 ml,Vinblastin 10 ml,ซีซี,ค่ายาฉีด / สารน้ำ,0,0,B - Range price,0.01-10 = 800.00,ไม่มี,Active
'020000000111,Infervac 10 ml (กระตุ้นภูมิ),Infervac 10 ml (กระตุ้นภูมิ),Infervac 10 ml (กระตุ้นภูมิ),ซีซี,ค่ายาฉีด / สารน้ำ,0,0,A - Unit price,200.00 / ซีซี,ไม่มี,Active
'020000000112,Green pit Viper (เซรุ่มงูเขียวหางไหม้),Green pit Viper (เซรุ่มงูเขียวหางไหม้),Green pit Viper (เซรุ่มงูเขียวหางไหม้),ขวด,ค่ายาฉีด / สารน้ำ,0,0,A - Unit price,"1,500.00 / ขวด",ไม่มี,Active
'020000000113,Cobra Antivenin 10 ml (เซรุ่มงูเห่า),Cobra Antivenin 10 ml (เซรุ่มงูเห่า),Cobra Antivenin 10 ml (เซรุ่มงูเห่า),ขวด,ค่ายาฉีด / สารน้ำ,0,0,A - Unit price,"1,500.00 / ขวด",ไม่มี,Active
'020000000114,Niketamine,(Tx) Niketamine,(Tx) Niketamine,ซีซี,ค่ายาฉีด / สารน้ำ,0,0,B - Range price,0.01-0.5 = 30.00; 0.51-1 = 50.00; 1.01-2 = 80.00; 2.01-3 = 100.00; 3.01-4 = 100.00; 4.01-10 = 100.00,ไม่มี,Active
'020000000115,Berenil 7 % 20 ml,Berenil 7 % 20 ml,Berenil 7 % 20 ml,ซีซี,ค่ายาฉีด / สารน้ำ,0,0,B - Range price,0.01-1 = 100.00; 1.01-2 = 200.00; 2.01-3 = 300.00; 3.01-4 = 400.00,ไม่มี,Active
'020000000116,Yohimbin (Inj),(Tx) Yohimbin (Inj),(Tx) Yohimbin (Inj),ซีซี,ค่ายาฉีด / สารน้ำ,0,0,B - Range price,0.01-0.5 = 60.00; 0.51-1 = 100.00; 1.01-1.5 = 120.00; 1.51-2 = 150.00; 2.01-2.5 = 150.00,ไม่มี,Active
'020000000117,Vitamin B complex,(Tx) Vitamin B complex,(Tx) Vitamin B complex,ซีซี,ค่ายาฉีด / สารน้ำ,0,0,B - Range price,0.01-0.5 = 30.00; 0.51-1 = 50.00; 1.01-2 = 80.00; 2.01-3 = 100.00; 3.01-4 = 100.00; 4.01-10 = 100.00,ไม่มี,Active
'020000000118,Lidocaine 2 %,(Tx) Lidocaine 2 %,(Tx) Lidocaine 2 %,ซีซี,ค่ายาฉีด / สารน้ำ,0,0,B - Range price,0.01-1 = 50.00; 1.01-2 = 80.00; 2.01-3 = 100.00; 3.01-4 = 100.00; 4.01-5 = 100.00,ไม่มี,Active
'020000000120,Diazepam 1.1-2ml/ไซริงค์ (สวนทวาร),Diazepam 1.1-2ml/ไซริงค์ (สวนทวาร),Diazepam(1.1-2 ml)/ ยาระงับชักสวนก้น,ไซริงค์,ค่ายานำกลับ,0,0,A - Unit price,50.00 / ไซริงค์,มี,Active
'020000000121,Diazepam 2.1-3ml/ไซริงค์ (สวนทวาร),Diazepam 2.1-3ml/ไซริงค์ (สวนทวาร),Diazepam(2.1-3ml)/ ยาระงับชักสวนก้น,ไซริงค์,ค่ายานำกลับ,0,0,A - Unit price,80.00 / ไซริงค์,มี,Active
'020000000122,Diazepam 3.1-4 ml/ไซริงค์ (สวนทวาร),Diazepam 3.1-4 ml/ไซริงค์ (สวนทวาร),Diazepam 3.1-4 ml /(สวนก้นระงับชัก),ไซริงค์,ค่ายานำกลับ,0,0,A - Unit price,100.00 / ไซริงค์,มี,Active
'020000000123,Diazepam >4ml/ไซริงค์ (สวนทวาร),Diazepam >4ml/ไซริงค์ (สวนทวาร),Diazepam >4ml /ยาระงับชักสวนก้น,ไซริงค์,ค่ายานำกลับ,0,0,A - Unit price,120.00 / ไซริงค์,มี,Active
'020000000124,วางยาสลบแมวด้วยยาฉีด,วางยาสลบแมวด้วยยาฉีด,วางยาสลบแมวด้วยยาฉีด,กิโลกรัม,ค่ายาฉีด / สารน้ำ,0.0,0.0,B - Range price,1-5 = 300.00; 5.01-10 = 350.00; 1-5 = 300.00; 5.01-10 = 350.00,ไม่มี,Active
'020000000125,วางยาสลบสุนัขด้วยยาฉีด,วางยาสลบสุนัขด้วยยาฉีด,วางยาสลบสุนัขด้วยยาฉีด,กิโลกรัม,ค่ายาฉีด / สารน้ำ,0.0,0.0,B - Range price,0.01-10 = 400.00; 10.01-20 = 450.00; 20.01-40 = 500.00; 40.01-80 = 550.00; 0.01-10 = 400.00; 10.01-20 = 450.00; 20.01-40 = 500.00; 40.01-80 = 550.00,ไม่มี,Active
'020000000126,ondansetron(onsia),ondansetron(onsia),,ซีซี,ค่ายาฉีด / สารน้ำ,0.0,0.0,B - Range price,0.01-0.5 = 50.00; 0.51-1 = 80.00; 1.01-2 = 140.00; 2.01-3 = 180.00; 3.01-4 = 220.00; 4.01-5 = 260.00; 5.01-6 = 300.00,ไม่มี,Active
'020000000127,convenia (cefovecin sodium 80 mg./ml),convenia (cefovecin sodium 80 mg./ml),convenia (cefovecin sodium 80 mg./ml),ซีซี,ค่ายาฉีด / สารน้ำ,0,0,B - Range price,"0.01-0.3 = 300.00; 0.31-0.5 = 500.00; 0.51-0.8 = 700.00; 0.81-1 = 900.00; 1.01-1.5 = 1,250.00; 1.51-2 = 1,600.00; 2.01-2.5 = 1,950.00; 2.51-3 = 2,300.00; 3.01-3.5 = 2,650.00; 3.51-4 = 3,000.00; 4.01-4.5 = 3,350.00; 4.51-5 = 3,700.00; 5.01-5.5 = 4,050.00; 5.51-6 = 4,400.00; 6.01-6.5 = 4,750.00; 6.51-7 = 5,100.00; 7.01-7.5 = 5,450.00",ไม่มี,Active
'020000000128,ชุดทดสอบโรคฉี่หนู (Leptospirosis testkit),(Tx) ชุดทดสอบโรคฉี่หนู (Leptospirosis testkit),(Tx) ชุดทดสอบโรคฉี่หนู (Leptospirosis testkit),ตัวอย่าง,ค่าตรวจทางห้องปฎิบัติการ,0,0,A - Unit price,800.00 / ตัวอย่าง,ไม่มี,Active
'020000000129,atipam (atipamezole),atipam (atipamezole),atipam (atipamezole),ซีซี,ค่ายาฉีด / สารน้ำ,0,0,B - Range price,0.01-0.3 = 300.00; 0.31-0.6 = 400.00; 0.61-1 = 500.00,ไม่มี,Active
'020000000130,medetomidine (sedator),medetomidine (sedator),medetomidine (sedator),ซีซี,ค่ายาฉีด / สารน้ำ,0,0,B - Range price,0.01-0.3 = 300.00; 0.31-0.6 = 400.00; 0.61-1 = 500.00,ไม่มี,Active
'020000000131,Amoxicillin 500 mg + Clavulanate 100 mg (cavumox 0.6g) (inj)IV,Amoxicillin 500 mg + Clavulanate 100 mg (cavumox 0.6g) (inj),(cavumox 0.6g) (inj),ขวด,ค่ายาฉีด / สารน้ำ,0,0,A - Unit price,300.00 / ขวด,ไม่มี,Active
'020000000134,dimenhydrinate(divomit),dimenhydrinate(divomit),dimenhydrinate(divomit),ซีซี,ค่ายาฉีด / สารน้ำ,0,0,C - Divide factor price,50.00 / 1,ไม่มี,Active
'020000000136,virbagen injection (TX),(Tx) virbagen injection,(Tx) virbagen injection,ซีซี,ค่ายาฉีด / สารน้ำ,0,0,C - Divide factor price,250.00 / 0.05,ไม่มี,Active
'020000000137,vet scan: Prep profile II,Prep profile II,Prep profile II,Test,ค่าตรวจทางห้องปฎิบัติการ,0,0,A - Unit price,350.00 / Test,ไม่มี,Active
'020000000139,vet scan:kidney profile,kidney profile,kidney profile,Test,ค่าตรวจทางห้องปฎิบัติการ,0,0,A - Unit price,550.00 / Test,ไม่มี,Active
'020000000140,vet scan:Mammalian liver profile,Mammalian liver profile,Mammalian liver profile,Test,ค่าตรวจทางห้องปฎิบัติการ,0,0,A - Unit price,650.00 / Test,ไม่มี,Active
'020000000141,fentanyl (injection),fentanyl (injection),fentanyl (injection),ซีซี,ค่ายาฉีด / สารน้ำ,0,0,B - Range price,"0.01-1 = 100.00; 1.01-2 = 200.00; 2.01-3 = 300.00; 3.01-4 = 400.00; 4.01-5 = 500.00; 5.01-10 = 600.00; 10.01-15 = 700.00; 15.01-20 = 800.00; 20.01-25 = 900.00; 25.01-30 = 1,000.00; 30.01-40 = 1,200.00; 40.01-50 = 1,300.00; 50.01-60 = 1,400.00; 60.01-70 = 1,500.00; 70.01-80 = 1,600.00; 80.01-90 = 1,700.00; 90.01-100 = 1,800.00",ไม่มี,Active
'020000000142,Insugen-R 10 ml (Regular) ขายยกขวด,(Tx) Insugen-R (Regular) ขายยกขวด,(Tx) Insugen-R (Regular) ขายยกขวด,ขวด,ค่ายานำกลับ,0,0,A - Unit price,400.00 / ขวด,มี,Active
'020000000143,Shotapen (benzylpenicillin+streptomycin),Shotapen (benzylpenicillin+streptomycin),Shotapen (benzylpenicillin+streptomycin),ซีซี,ค่ายาฉีด / สารน้ำ,0,0,B - Range price,0.01-1 = 50.00; 1.01-2 = 80.00; 2.01-3 = 100.00; 3.01-4 = 120.00; 4.01-5 = 140.00; 5.01-6 = 160.00; 6.01-7 = 180.00,ไม่มี,Active
'020000000144,Newcastle test kit,Newcastle test kit,Newcastle test kit,Test,ค่าเวชภัณฑ์ / วัสดุการแพทย์,0.0,0.0,A - Unit price,250.00 / Test; 250.00 / Test,ไม่มี,Active
'020000000146,Vcheck CPL,,Vcheck CPL,Test,ค่าตรวจทางห้องปฎิบัติการ,0,0,A - Unit price,650.00 / Test,ไม่มี,Active
'020000000147,Vcheck FPL,Vcheck FPL,Vcheck FPL,Test,ค่าตรวจทางห้องปฎิบัติการ,0,0,A - Unit price,700.00 / Test,ไม่มี,Active
'020000000148,Bio-Fiber (Food Fiber),Bio-Fiber (Food Fiber),Bio-Fiber (ปรับสมดุลลำไส้),เม็ด,ค่ายานำกลับ,0,0,A - Unit price,6.00 / เม็ด,มี,Active
'020000000149,Pancreatin 500 mg /ยาช่วยย่อย,Probiotic and Prebiotic,pancreatin 500 mg/ยาช่วยย่อย,แคปซูล,ค่ายานำกลับ,0,0,A - Unit price,20.00 / แคปซูล,มี,Active
'020000000150,Avian/Reptilian profile plus,Avian/Reptilian profile plus,Avian/Reptilian profile plus,Test,ค่าตรวจทางห้องปฎิบัติการ,0,0,A - Unit price,900.00 / Test,ไม่มี,Active
'020000000151,Tx:Clexane (Enoxaparine 8000 IU/0.8ml),Clexane (Enoxaparine 8000 IU/0.8ml),Clexane (Enoxaparine 8000 IU/0.8ml),หลอด,ค่ายาฉีด / สารน้ำ,0.0,0.0,A - Unit price,500.00 / หลอด; 500.00 / หลอด,ไม่มี,Active
'020000000152,Midazolam inj (ยานำสลบ),,Midazolam inj,ซีซี,ค่ายาฉีด / สารน้ำ,0.0,0.0,B - Range price,0.01-0.5 = 100.00; 0.51-1 = 150.00; 1.01-2 = 200.00; 2.01-2.5 = 250.00; 2.51-3 = 300.00; 3.01-3.5 = 350.00; 3.51-4 = 400.00; 4.01-4.5 = 450.00; 4.51-5 = 500.00; 0.01-0.5 = 100.00; 0.51-1 = 150.00; 1.01-2 = 200.00; 2.01-2.5 = 250.00; 2.51-3 = 300.00; 3.01-3.5 = 350.00; 3.51-4 = 400.00; 4.01-4.5 = 450.00; 4.51-5 = 500.00,ไม่มี,Active
'020000000153,Sevoflurane,,Sevoflurane,ชั่วโมง,ค่ายาฉีด / สารน้ำ,0.0,0.0,B - Range price,"0.01-1 = 1,500.00; 1.01-1.5 = 2,000.00; 1.51-2 = 2,500.00; 2.01-2.5 = 3,000.00; 2.51-3 = 3,500.00; 3.01-3.5 = 4,000.00; 3.51-4 = 4,500.00; 4.01-4.5 = 5,000.00; 4.51-5 = 5,500.00; 5.01-5.5 = 6,000.00; 5.51-6 = 6,500.00; 0.01-1 = 1,500.00; 1.01-1.5 = 2,000.00; 1.51-2 = 2,500.00; 2.01-2.5 = 3,000.00; 2.51-3 = 3,500.00; 3.01-3.5 = 4,000.00; 3.51-4 = 4,500.00; 4.01-4.5 = 5,000.00; 4.51-5 = 5,500.00; 5.01-5.5 = 6,000.00; 5.51-6 = 6,500.00",ไม่มี,Active
'020000000154,Librela (bedinvetmab30mg/ml) For dog,Librela,Librela,ขวด,ค่ายาฉีด / สารน้ำ,0,0,C - Divide factor price,"4,200.00 / 1",ไม่มี,Active
'020000000155,L-asparaginase  *เคมีบำบัด ม.กึ้ง*,,L-asparaginase,ขวด,ค่ายาฉีด / สารน้ำ,0,0,A - Unit price,"1,600.00 / ขวด",ไม่มี,Active
'020000000156,Glargine insulin 3ml (100unit/ml),,Glargine insulin 3ml (100unit/ml),หลอด,ค่ายานำกลับ,0,0,A - Unit price,700.00 / หลอด,มี,Active
'020000000157,Diazepam 8.1-10 ml /ไซริงค์ (สวนทวาร),Diazepam 8.1-10 ml /ไซริงค์ (สวนทวาร),Diazepam 8.1-10 ml /ไซริงค์ (สวนทวาร),หลอด,ค่ายานำกลับ,0,0,A - Unit price,140.00 / หลอด,มี,Active
'020000000158,Cavumox 1.2g (inj) IV,Amoxicillin  1 g + Clavulanate 200 mg,อัตราส่วน Amoxicillin : Clavulanate คิดเป็น  5:1,ขวด,ค่ายาฉีด / สารน้ำ,0,0,A - Unit price,500.00 / ขวด,ไม่มี,Active
'020000000159,Rx:Clexane (Enoxaparine 8000 IU/0.8ml),Clexane (Enoxaparine 8000 IU/0.8ml),Clexane (Enoxaparine 8000 IU/0.8ml),หลอด,ค่ายานำกลับ,0.0,0.0,A - Unit price,500.00 / หลอด; 700.00 / 1,ไม่มี,Active
'020000000160,Norepinephrine inj,,Norepinephrine,ซีซี,ค่ายาฉีด / สารน้ำ,0,0,B - Range price,0.01-10 = 100.00; 10.01-20 = 200.00; 20.1-30 = 300.00,ไม่มี,Active
'020000000161,Doxorubicin 50mg/25ml (inj.),Doxorubicin,Doxorubicin,ขวด,ค่ายาฉีด / สารน้ำ,0.0,0.0,C - Divide factor price,700.00 / 1,ไม่มี,Active
'020000000162,ชุดทดสอบ SNAP 4DX,SNAP 4DX,,ชุด,ค่าเวชภัณฑ์ / วัสดุการแพทย์,0.0,0.0,A - Unit price,600.00 / ชุด,ไม่มี,Active
'020000000163,ผ้าก๊อซนาโน,ผ้าก๊อซนาโน,,ห่อ,ค่าเวชภัณฑ์ / วัสดุการแพทย์,0.0,0.0,A - Unit price,30.00 / ห่อ,ไม่มี,Active
'020000000164,ชุดทดสอบลิวคีเมีย และภูมิคุ้มกันบกพร่องในแมว (Witness:FeLV/FIV testkit),Witness:FeLV/FIV testkit,,ชุด,ค่าเวชภัณฑ์ / วัสดุการแพทย์,0.0,0.0,A - Unit price,400.00 / ชุด,ไม่มี,Active
'020000000165,ชุดทดสอบไข้หัดสุนัข (CDV Ag testkit),CDV Ag testkit,,ชุด,ค่าเวชภัณฑ์ / วัสดุการแพทย์,0.0,0.0,A - Unit price,350.00 / ชุด,ไม่มี,Active
'020000000166,ชุดทดสอบลำไส้อักเสบ (พาร์โว/โคโรนา) (CPV/CCV Ag testkit),CPV/CCV Ag testkit,,ชุด,ค่าเวชภัณฑ์ / วัสดุการแพทย์,0.0,0.0,A - Unit price,350.00 / ชุด,ไม่มี,Active
'020000000167,Rx:Aminophyline 0.25 gm (inj.),Aminophyline 0.25 gm,,ซีซี,ค่ายานำกลับ,0.0,0.0,B - Range price,0.01-10 = 80.00; 10.01-20 = 160.00; 20.01-30 = 240.00; 30.01-40 = 320.00; 40.01-50 = 400.00,ไม่มี,Active
'020000000168,Rx:Gentamycin (inj),Gentamycin (inj),Gentamycin (inj),ซีซี,ค่ายานำกลับ,0.0,0.0,B - Range price,0.01-1 = 60.00; 1.01-2 = 100.00; 2.01-3 = 150.00,ไม่มี,Active
'020000000170,OFA - S (ยกกระปุก 60 แคปซูล),OFA – S,(ยกกระปุก 60 แคปซูล) OFA  S  (60 เม็ด)บำรุงขนและผิวหนัง,กระปุก,ค่ายานำกลับ,0.0,0.0,C - Divide factor price,720.00 / 1,มี,Active
'020000000171,Rx: Acetylcysteine (Flumucil inj 300 mg ) (inj.),Acetylcysteine (Flumucil inj 300 mg ) (inj.),Acetylcysteine (Flumucil inj 300 mg ) (inj.),ซีซี,ค่ายานำกลับ,0.0,0.0,B - Range price,0.01-1.5 = 50.00; 1.51-3 = 100.00; 3.01-6 = 150.00; 6.01-9 = 200.00; 9.01-15 = 250.00,ไม่มี,Active
'030000000001,ค่าบัตร,ค่าบัตร,ค่าบัตร,ครั้ง,ค่าบัตร,0,0,A - Unit price,10.00 / ครั้ง,ไม่มี,Active
'030000000002,ค่าตรวจ,ค่าตรวจ,ค่าตรวจ,ครั้ง,ค่าตรวจ,0,0,A - Unit price,100.00 / ครั้ง,ไม่มี,Active
'030000000003,ค่ายานำกลับ,ค่ายา,ค่ายา,บาท,ค่ายานำกลับ,0,0,A - Unit price,1.00 / บาท,ไม่มี,Active
'030000000004,ค่าวัคซีน,ค่าวัคซีน,ค่าวัคซีน,บาท,ค่าวัคซีน,0,0,A - Unit price,1.00 / บาท,ไม่มี,Active
'030000000005,ค่าผ่าตัด,ค่าผ่าตัด,ค่าผ่าตัด,บาท,ค่าผ่าตัด,0,0,A - Unit price,1.00 / บาท,ไม่มี,Active
'030000000006,ค่าฝากสัตว์ป่วย(สุนัข:คิดตามน้ำหนักตัว),ค่าฝากสัตว์ป่วย(สุนัข:คิดตามน้ำหนักตัว),ค่าฝากสัตว์ป่วย(สุนัข:คิดตามน้ำหนักตัว),กิโลกรัม,ค่าฝากสัตว์ป่วย,0,0,B - Range price,0.01-5 = 150.00; 5.01-10 = 200.00; 10.01-25 = 250.00; 25.01-80 = 300.00,ไม่มี,Active
'030000000007,ค่าตรวจทางห้องปฏิบัติการ,ค่าตรวจทางห้องปฏิบัติการ,ค่าตรวจทางห้องปฏิบัติการ,บาท,ค่าตรวจทางห้องปฎิบัติการ,0,0,A - Unit price,1.00 / บาท,ไม่มี,Active
'030000000008,ค่าฝากสัตว์ป่วย(แมว),ค่าฝากสัตว์ป่วย(แมว),ค่าฝากสัตว์ป่วย(แมว),ครั้ง,ค่าฝากสัตว์ป่วย,0,0,A - Unit price,150.00 / ครั้ง,ไม่มี,Active
'030000000009,อื่นๆ,อื่นๆ,อื่นๆ,บาท,อื่นๆ,0,0,A - Unit price,1.00 / บาท,ไม่มี,Active
'030000000010,ค่าขูดตรวจไรขี้เรื้อน (Skin scraping),ค่าขูดตรวจไรขี้เรื้อน (Skin scraping),ค่าขูดตรวจไรขี้เรื้อน (Skin scraping),ครั้ง,ค่าหัตถการ,0.0,0.0,A - Unit price,50.00 / ครั้ง; 50.00 / ครั้ง,ไม่มี,Active
'030000000011,ค่าตรวจเซลล์ผิวหนัง (Skin cytology),ค่าตรวจเซลล์ผิวหนัง (Skin cytology),ค่าตรวจเซลล์ผิวหนัง (Skin cytology),ครั้ง,ค่าหัตถการ,0.0,0.0,A - Unit price,100.00 / ครั้ง; 100.00 / ครั้ง,ไม่มี,Active
'030000000012,ค่าตรวจเซลล์ช่องหู (Ears Cytology),ค่าตรวจเซลล์ช่องหู (Ears Cytology),ค่าตรวจเซลล์ช่องหู (Ears Cytology),ครั้ง,ค่าหัตถการ,0.0,0.0,A - Unit price,100.00 / ครั้ง; 100.00 / ครั้ง,ไม่มี,Active
'030000000013,ค่าตรวจอุจจาระ (Fecal smear),ค่าตรวจอุจจาระ (Fecal smear),ค่าตรวจอุจจาระ (Fecal smear),ครั้ง,ค่าหัตถการ,0.0,0.0,A - Unit price,50.00 / ครั้ง; 50.00 / ครั้ง,ไม่มี,Active
'030000000014,ค่าบริการวัดความดันเลือด (Blood Pressure) BP,ค่าบริการวัดความดันเลือด (Blood Pressure) BP,ค่าบริการวัดความดันเลือด (Blood Pressure),ครั้ง,ค่าหัตถการ,0.0,0.0,A - Unit price,150.00 / ครั้ง; 150.00 / ครั้ง,ไม่มี,Active
'030000000015,ค่าบริการตรวจคลื่นไฟฟ้าหัวใจ (Electrocardiogram) ECG EKG,ค่าบริการตรวจคลื่นไฟฟ้าหัวใจ (Electrocardiogram),ค่าบริการตรวจคลื่นไฟฟ้าหัวใจ (Electrocardiogram),ครั้ง,ค่าหัตถการ,0.0,0.0,A - Unit price,250.00 / ครั้ง; 250.00 / ครั้ง,ไม่มี,Active
'030000000016,ค่าบริการตรวจหัวใจด้วยคลื่นสะท้อนความถี่สูง  Echo **ต่อเนื่อง**,ค่าบริการตรวจหัวใจด้วยคลื่นสะท้อนความถี่สูง Echo **ต่อเนื่อง**,ค่าบริการตรวจหัวใจด้วยคลื่นสะท้อนความถี่สูง Echo **ต่อเนื่อง**,ครั้ง,ค่าหัตถการ,0.0,0.0,A - Unit price,600.00 / ครั้ง; 600.00 / ครั้ง,ไม่มี,Active
'030000000017,ค่าบริการดมอ๊อกซิเจน แบบเหมา 12 ชม.(oxygen 12 hr.),ค่าบริการดมอ๊อกซิเจน แบบเหมา 12 ชม.(oxygen 12 hr.),ค่าบริการดมอ๊อกซิเจน แบบเหมา 12 ชม.(oxygen 12 hr.),ครั้ง,ค่าหัตถการ,0.0,0.0,A - Unit price,400.00 / ครั้ง; 400.00 / ครั้ง,ไม่มี,Active
'030000000018,ค่าบริการดมอ๊อกซิเจน รายชั่วโมง (oxygen  per hour),ค่าบริการดมอ๊อกซิเจน รายชั่วโมง (oxygen  per hour),ค่าบริการดมอ๊อกซิเจน รายชั่วโมง (O2  per hour),ครั้ง,ค่าหัตถการ,0.0,0.0,A - Unit price,100.00 / ครั้ง; 100.00 / ครั้ง,ไม่มี,Active
'030000000019,ค่าใช้บริการเครื่องให้น้ำเกลืออัตโนมัติ (Infusion pump),ค่าใช้บริการเครื่องให้น้ำเกลืออัตโนมัติ (Infusion pump),ค่าใช้บริการเครื่องให้น้ำเกลืออัตโนมัติ (Infusion pump),ครั้ง,ค่าหัตถการ,0.0,0.0,A - Unit price,50.00 / ครั้ง; 50.00 / ครั้ง,ไม่มี,Active
'030000000020,ค่าใช้บริการเครื่องเป่าลมร้อน (Bair Hugger),ค่าใช้บริการเครื่องเป่าลมร้อน (Bair Hugger),ค่าใช้บริการเครื่องเป่าลมร้อน (Bair Hugger),ครั้ง,ค่าหัตถการ,0.0,0.0,A - Unit price,100.00 / ครั้ง; 100.00 / ครั้ง,ไม่มี,Active
'030000000021,ค่าใช้บริการเครื่องติดตามสัญญาณชีพ (Mornitor),ค่าใช้บริการเครื่องติดตามสัญญาณชีพ (Mornitor),ค่าใช้บริการเครื่องติดตามสัญญาณชีพ (Mornitor),ครั้ง,ค่าหัตถการ,0.0,0.0,A - Unit price,100.00 / ครั้ง; 100.00 / ครั้ง,ไม่มี,Active
'030000000022,ค่าใช้บริการเครื่องช่วยหายใจ (Ventilator),ค่าใช้บริการเครื่องช่วยหายใจ (Ventilator),ค่าใช้บริการเครื่องช่วยหายใจ (Ventilator),ครั้ง,ค่าหัตถการ,0.0,0.0,A - Unit price,"1,000.00 / ครั้ง; 1,000.00 / ครั้ง",ไม่มี,Active
'030000000023,ค่าช่วยชีวิต (CPR),ค่าช่วยชีวิต (CPR),ค่าช่วยชีวิต (CPR),ครั้ง,ค่าหัตถการ,0.0,0.0,A - Unit price,300.00 / ครั้ง; 300.00 / ครั้ง,ไม่มี,Active
'030000000024,ค่าบริการถ่ายเลือด (Blood transfusion),ค่าบริการถ่ายเลือด (Blood transfusion),ค่าบริการถ่ายเลือด (Blood transfusion),ครั้ง,ค่าหัตถการ,0.0,0.0,A - Unit price,"1,000.00 / ครั้ง; 1,500.00 / ครั้ง",ไม่มี,Active
'030000000025,ค่าบริการถ่ายเลือด เจ้าของนำสุนัขมาเอง (Blood transfusion),ค่าบริการถ่ายเลือด เจ้าของนำสุนัขมาเอง (Blood transfusion),ค่าบริการถ่ายเลือด เจ้าของนำสุนัขมาเอง (Blood transfusion),ครั้ง,ค่าหัตถการ,0.0,0.0,A - Unit price,"1,500.00 / ครั้ง; 1,200.00 / ครั้ง",ไม่มี,Active
'030000000026,ค่าแก้น้ำเกลือ,ค่าแก้น้ำเกลือ,ค่าแก้น้ำเกลือ,ครั้ง,ค่าหัตถการ,0.0,0.0,A - Unit price,20.00 / ครั้ง; 20.00 / ครั้ง,ไม่มี,Active
'030000000027,Barium sulphate (ขายกลับบ้าน),Barium sulphate,Barium sulphate (สารทึบรังสี),ซีซี,ค่ายานำกลับ,0,0,C - Divide factor price,50.00 / 30,มี,Active
'030000000028,CCU box แบบเหมาคืน,CCU box แบบเหมาคืน,CCU box แบบเหมาคืน,คืน,ค่าฝากสัตว์ป่วย,0.0,0.0,A - Unit price,500.00 / คืน; 500.00 / คืน,ไม่มี,Active
'030000000029,CCU box รายชั่วโมง,CCU box รายชั่วโมง,CCU box รายชั่วโมง,ชั่วโมง,ค่าฝากสัตว์ป่วย,0.0,0.0,A - Unit price,100.00 / ชั่วโมง; 100.00 / ชั่วโมง,ไม่มี,Active
'030000000030,ค่าส่งตรวจชิ้นเนื้อ (Biopsy),ค่าส่งตรวจชิ้นเนื้อ (Biopsy),ค่าส่งตรวจชิ้นเนื้อ (Biopsy),ตัวอย่าง,ค่าตรวจศูนย์ชันสูตรบางเขน,0.0,0.0,A - Unit price,800.00 / ตัวอย่าง; 800.00 / ตัวอย่าง,ไม่มี,Active
'030000000031,ค่าวินิจฉัยเซลล์จากช่องคลอด (Vaginal cytology) series,ค่าวินิจฉัยเซลล์จากช่องคลอด (Vaginal cytology) series,ค่าวินิจฉัยเซลล์จากช่องคลอด (Vaginal cytology) series,แผ่น,ค่าตรวจทางห้องปฎิบัติการ,0,0,A - Unit price,400.00 / แผ่น,ไม่มี,Active
'030000000032,เพาะเชื้อรา (Fungal culture),เพาะเชื้อรา (Fungal culture),เพาะเชื้อรา (Fungal culture),ครั้ง,ค่าตรวจทางห้องปฎิบัติการ,0,0,A - Unit price,550.00 / ครั้ง,ไม่มี,Active
'030000000048,ใบส่งตัว,,ใบส่งตัว,แผ่น,ค่าบริการทางการแพทย์,0.0,0.0,A - Unit price,50.00 / แผ่น; 50.00 / แผ่น,ไม่มี,Active
'030000000049,ค่าบริการตรวจคลินิคโรคตา,ค่าบริการตรวจคลินิคโรคตา,ค่าบริการตรวจคลินิคโรคตา,ครั้ง,ค่าตรวจ,0,0,A - Unit price,250.00 / ครั้ง,ไม่มี,Active
'030000000050,"ค่าบริการตรวจตา, ย้อมสี, วัดระดับน้ำตา,วัดความดันตา (eye exam, Flu, STT,IOP)","ค่าบริการตรวจตา, ย้อมสี, วัดระดับน้ำตา,วัดความดันตา (eye exam, Flu, STT,IOP)","ค่าบริการตรวจตา, ย้อมสี, วัดระดับน้ำตา,วัดความดันตา (eye exam, Flu, STT,IOP)",ครั้ง,ค่าหัตถการ,0.0,0.0,A - Unit price,200.00 / ครั้ง; 200.00 / ครั้ง,ไม่มี,Active
'030000000051,ค่าบริการวัดความดันลูกตา (IOP),ค่าบริการวัดความดันลูกตา (IOP),ค่าบริการวัดความดันลูกตา (IOP),ครั้ง,ค่าหัตถการ,0.0,0.0,A - Unit price,100.00 / ครั้ง; 100.00 / ครั้ง,ไม่มี,Active
'030000000052,Eye Excisional Debridement,Eye Excisional Debridement,Eye Excisional Debridement,ครั้ง,ค่าหัตถการ,0.0,0.0,A - Unit price,500.00 / ครั้ง; 500.00 / ครั้ง,ไม่มี,Active
'030000000053,Grid Keratotomy,Grid Keratotomy,Grid Keratotomy,ครั้ง,ค่าหัตถการ,0.0,0.0,A - Unit price,500.00 / ครั้ง; 500.00 / ครั้ง,ไม่มี,Active
'030000000054,ค่าบริการสวนล้างท่อน้ำตา (Lacrymal duct flushing),ค่าบริการสวนล้างท่อน้ำตา (Lacrymal duct flushing),ค่าบริการสวนล้างท่อน้ำตา (Lacrymal duct flushing),ข้าง,ค่าหัตถการ,0,0,A - Unit price,100.00 / ข้าง,ไม่มี,Active
'030000000055,ค่าตรวจนอกเวลาราชการ,ค่าตรวจนอกเวลาราชการ,ค่าตรวจนอกเวลาราชการ,ครั้ง,ค่าตรวจ,0.0,0.0,A - Unit price,200.00 / ครั้ง; 200.00 / ครั้ง,ไม่มี,Active
'030000000056,ค่าบริการดมละอองยา (Nebulization) (ดมตู้คิด 1.5 ครั้ง),ค่าบริการดมละอองยา (Nebulization) (ดมตู้คิด 1.5 ครั้ง),ค่าบริการดมละอองยา (Nebulization) (ดมตู้คิด 1.5 ครั้ง),ครั้ง,ค่าหัตถการ,0.0,0.0,A - Unit price,100.00 / ครั้ง; 100.00 / ครั้ง,ไม่มี,Active
'030000000057,เพาะเชื้อแบคทีเรีย (Aerobic) และทดสอบความไวต่อยาปฏิชีวนะ (Bacterial Culture and Drug Sensitivity),เพาะเชื้อแบคทีเรีย (Aerobic) และทดสอบความไวต่อยาปฏิชีวนะ (Bacterial Culture and Drug Sensitivity),ค่าเพาะเชื้อแบคทีเรีย (Aerobic) และทดสอบความไวต่อยาปฏิชีวนะ (Bacterial Culture and Drug Sensitivity),ครั้ง,ค่าตรวจทางห้องปฎิบัติการ,0.0,0.0,A - Unit price,400.00 / ครั้ง; 400.00 / ครั้ง,ไม่มี,Active
'030000000058,ค่าบริการตรวจหัวใจด้วยคลื่นสะท้อนความถี่สูง  Echo **ครั้งแรก**,ค่าบริการตรวจหัวใจด้วยคลื่นสะท้อนความถี่สูง  Echo **ครั้งแรก**,ค่าบริการตรวจหัวใจด้วยคลื่นสะท้อนความถี่สูง  Echo **ครั้งแรก**,ครั้ง,ค่าหัตถการ,0.0,0.0,A - Unit price,900.00 / ครั้ง; 900.00 / ครั้ง,ไม่มี,Active
'030000000059,ค่าวินิจฉัยด้วยภาพถ่ายรังสี(ต่อฟิล์ม) x-ray,ค่าวินิจฉัยด้วยภาพถ่ายรังสี(ต่อฟิล์ม) x-ray,ค่าวินิจฉัยด้วยภาพถ่ายรังสี(ต่อฟิล์ม) x-ray,ครั้ง,ค่าวินิจฉัยด้วยภาพถ่ายรังสี,0,0,B - Range price,0.01-1 = 240.00; 1.01-2 = 360.00; 2.01-3 = 480.00; 3.01-4 = 600.00; 4.01-5 = 720.00; 5.01-6 = 840.00,ไม่มี,Active
'030000000060,ค่าเปิดเครื่อง xray,ค่าเปิดเครื่อง xray,ค่าเปิดเครื่อง xray,ครั้ง,ค่าวินิจฉัยด้วยภาพถ่ายรังสี,0,0,A - Unit price,120.00 / ครั้ง,ไม่มี,Active
'030000000061,ค่าวินิจฉัยด้วยภาพถ่ายรังสี Xray : series (<6 ฟิล์ม),ค่าวินิจฉัยด้วยภาพถ่ายรังสี Xray : series (<6 ฟิล์ม),ค่าวินิจฉัยด้วยภาพถ่ายรังสี Xray : series (<6 ฟิล์ม),ครั้ง,ค่าวินิจฉัยด้วยภาพถ่ายรังสี,0,0,A - Unit price,"1,000.00 / ครั้ง",ไม่มี,Active
'030000000062,ค่าวินิจฉัยด้วยภาพถ่ายรังสีต่อฟิล์ม(ไม่รวมค่าเปิดเครื่อง),ค่าวินิจฉัยด้วยภาพถ่ายรังสีต่อฟิล์ม(ไม่รวมค่าเปิดเครื่อง),ค่าวินิจฉัยด้วยภาพถ่ายรังสีต่อฟิล์ม(ไม่รวมค่าเปิดเครื่อง),ครั้ง,ค่าวินิจฉัยด้วยภาพถ่ายรังสี,0,0,A - Unit price,120.00 / ครั้ง,ไม่มี,Active
'030000000063,ค่าวินิจฉัยด้วยภาพถ่ายรังสี Xray : series (>6 ฟิล์ม),ค่าวินิจฉัยด้วยภาพถ่ายรังสี Xray : series (>6 ฟิล์ม),ค่าวินิจฉัยด้วยภาพถ่ายรังสี Xray : series (>6 ฟิล์ม),ครั้ง,ค่าวินิจฉัยด้วยภาพถ่ายรังสี,0,0,A - Unit price,"1,500.00 / ครั้ง",ไม่มี,Active
'030000000064,ค่าวางยาสลบ,ค่าวางยาสลบ,ค่าวางยาสลบ,บาท,ค่ายาฉีด / สารน้ำ,0.0,0.0,A - Unit price,1.00 / บาท; 1.00 / บาท,ไม่มี,Active
'030000000065,ค่ายาฉีด,ค่ายาฉีด,ค่ายาฉีด,บาท,ค่ายาฉีด / สารน้ำ,0.0,0.0,A - Unit price,1.00 / บาท,ไม่มี,Active
'030000000067,ค่าวินิจฉัยด้วยอัลตร้าซาวด์ (Ultrasound) U/S,ค่าวินิจฉัยด้วยอัลตร้าซาวด์ (Ultrasound) U/S,ค่าอัลตร้าซาวด์,บาท,ค่าวินิจฉัยด้วยภาพถ่ายรังสี,0.0,0.0,A - Unit price,1.00 / บาท,ไม่มี,Active
'030000000068,ค่าตรวจพิเศษ,ค่าตรวจพิเศษ,ค่าตรวจพิเศษ,บาท,ค่าตรวจ,0.0,0.0,A - Unit price,1.00 / บาท; 1.00 / บาท,ไม่มี,Active
'030000000069,ค่าตรวจเซลล์( cytology) สไลด์,ค่าตรวจเซลล์( cytology) สไลด์,ค่าตรวจเซลล์( cytology) สไลด์,ครั้ง,ค่าตรวจทางห้องปฎิบัติการ,0.0,0.0,A - Unit price,200.00 / ครั้ง; 200.00 / ครั้ง,ไม่มี,Active
'030000000070,ค่าบริการตรวจฉุกเฉิน,,,บาท,ค่าตรวจ,0.0,0.0,A - Unit price,1.00 / บาท; 1.00 / บาท,ไม่มี,Active
'030000000071,ค่าตรวจเลือดนอกเวลา,ค่าตรวจเลือดนอกเวลา,ค่าตรวจเลือดนอกเวลา,ครั้ง,ค่าบริการทางการแพทย์,0.0,0.0,A - Unit price,50.00 / ครั้ง; 30.00 / ครั้ง,ไม่มี,Active
'030000000072,ค่าส่องตรวจขี้หู(ear wax smear),ค่าส่องตรวจขี้หู(ear wax smear),ค่าส่องตรวจขี้หู(ear wax smear),ครั้ง,ค่าหัตถการ,0.0,0.0,A - Unit price,50.00 / ครั้ง; 50.00 / ครั้ง,ไม่มี,Active
'030000000073,ค่าส่องตรวจเชื้อรา(wood's lamp),ค่าส่องตรวจเชื้อรา(wood's lamp),ค่าส่องตรวจเชื้อรา(wood's lamp),ครั้ง,ค่าหัตถการ,0,0,A - Unit price,100.00 / ครั้ง,ไม่มี,Active
'030000000074,ส่องตรวจเส้นขน(trichogram),ส่องตรวจเส้นขน(trichogram),ส่องตรวจเส้นขน(trichogram),ครั้ง,ค่าหัตถการ,0.0,0.0,A - Unit price,50.00 / ครั้ง; 50.00 / ครั้ง,ไม่มี,Active
'030000000075,vaginal cytology (ตรวจเซลล๋ช่องคลอด/ครั้ง),vaginal cytology (ตรวจเซลล๋ช่องคลอด/ครั้ง),vaginal cytology (ตรวจเซลล๋ช่องคลอด/ครั้ง),ครั้ง,ค่าตรวจทางห้องปฎิบัติการ,0,0,A - Unit price,100.00 / ครั้ง,ไม่มี,Active
'030000000076,ค่าบริการผ่าตัดนอกเวลาราชการ,ค่าบริการผ่าตัดนอกเวลาราชการ,ค่าบริกาผ่ารตัดนอกเวลาราชการ,บาท,ค่าบริการทางการแพทย์,0.0,0.0,A - Unit price,1.00 / บาท; 1.00 / บาท,ไม่มี,Active
'030000000077,ค่าบริการย้อมสีตา(fluorescin),ค่าบริการย้อมสีตา(fluorescein),ค่าบริการย้อมสีตา(fluorescein),ครั้ง,ค่าหัตถการ,0.0,0.0,A - Unit price,50.00 / ครั้ง; 50.00 / ครั้ง,ไม่มี,Active
'030000000078,ค่าบริการวัดระดับน้ำตา (STT),ค่าบริการวัดระดับน้ำตา (STT),ค่าบริการวัดระดับน้ำตา (STT),ครั้ง,ค่าหัตถการ,0.0,0.0,A - Unit price,50.00 / ครั้ง; 50.00 / ครั้ง,ไม่มี,Active
'030000000079,ค่าบริการผ่าตัดฉุกเฉินนอกเวลาราชการ,ค่าบริการผ่าตัดฉุกเฉินนอกเวลาราชการ,ค่าบริการผ่าตัดฉุกเฉินนอกเวลาราชการ,ครั้ง,ค่าบริการทางการแพทย์,0.0,0.0,A - Unit price,500.00 / ครั้ง; 500.00 / ครั้ง,ไม่มี,Active
'030000000080,ค่าตรวจ Somatic cell count,,,บาท,ค่าตรวจทางห้องปฎิบัติการ,0,0,A - Unit price,1.00 / บาท,ไม่มี,Active
'030000000081,ค่าบริการทางการแพทย์,,,ครั้ง,ค่าบริการทางการแพทย์,0,0,A - Unit price,100.00 / ครั้ง,ไม่มี,Active
'030000000082,ค่าบริการศัลยกรรม,ค่าบริการศัลยกรรม,ค่าบริการศัลยกรรม,บาท,ค่าบริการทางการแพทย์,0.0,0.0,A - Unit price,1.00 / บาท; 1.00 / บาท,ไม่มี,Active
'030000000083,ค่าบริการดมอ๊อกซิเจน แบบเหมา 24 ชม.(oxygen 24 hr.),ค่าบริการดมอ๊อกซิเจน แบบเหมา 24 ชม.(oxygen 24 hr.),ค่าบริการดมอ๊อกซิเจน แบบเหมา 24 ชม.(oxygen 24 hr.),ครั้ง,ค่าหัตถการ,0.0,0.0,A - Unit price,600.00 / ครั้ง; 600.00 / ครั้ง,ไม่มี,Active
'030000000084,ค่าหัตถการส่องกล้อง (endoscope),ค่าหัตถการส่องกล้อง (endoscope),ค่าหัตถการส่องกล้อง (endoscope),บาท,ค่าตรวจวินิจฉัยส่องกล้อง,0,0,A - Unit price,1.00 / บาท,ไม่มี,Active
'030000000085,bacterial culture:Special request,bacterial culture:Special request,bacterial culture:Special request,ตัว,ค่าตรวจทางห้องปฎิบัติการ,0,0,A - Unit price,100.00 / ตัว,ไม่มี,Active
'030000000086,ค่าอุปกรณ์สำหรับการวิเคราะห์โซมาติกเซลล์,,,บาท,ค่าตรวจทางห้องปฎิบัติการ,0.0,0.0,A - Unit price,1.00 / บาท; 1.00 / บาท,ไม่มี,Active
'030000000087,ค่าฝากสัตว์ป่วย(exotic),ค่าฝากสัตว์ป่วย(exotic),ค่าฝากสัตว์ป่วย(exotic),วัน,ค่าฝากสัตว์ป่วย,0,0,A - Unit price,150.00 / วัน,ไม่มี,Active
'030000000088,ค่าเผาทำลายซากสัตว์,,,บาท,อื่นๆ,0.0,0.0,A - Unit price,1.00 / บาท; 1.00 / บาท,ไม่มี,Active
'030000000089,เครื่องจี้ห้ามเลือด (Electrocautery),,เครื่องจี้ห้ามเลือด,ครั้ง,ค่าหัตถการ,0,0,A - Unit price,500.00 / ครั้ง,ไม่มี,Active
'030000000090,ตู้กกจีน *รายชั่วโมง*,,ตู้กกจีน *รายชั่วโมง*,ชั่วโมง,อื่นๆ,0.0,0.0,A - Unit price,50.00 / ชั่วโมง; 50.00 / ชั่วโมง,ไม่มี,Active
'030000000091,ตู้กกจีน *เหมาคืน*,,ตู้กกจีน *เหมาคืน*,คืน,อื่นๆ,0.0,0.0,A - Unit price,250.00 / คืน; 250.00 / คืน,ไม่มี,Active
'030000000092,เครื่องจี้ตาด้วยความเย็น (Cyo),,เครื่องจี้ตาด้วยความเย็น (Cyo),บาท,ค่าหัตถการ,0,0,A - Unit price,1.00 / บาท,ไม่มี,Active
'030000000093,เครื่องตรวจจอประสาทตา (ERG),,เครื่องตรวจจอประสาทตา (ERG),บาท,ค่าหัตถการ,0,0,A - Unit price,1.00 / บาท,ไม่มี,Active
'030000000094,ค่าใช้บริการเครื่องให้น้ำเกลืออัตโนมัติ (Infusion pump)**24hr**,(Infusion pump)**24hr**,ค่าใช้บริการเครื่องให้น้ำเกลืออัตโนมัติ (Infusion pump)**24hr**,ครั้ง,วัสดุการแพทย์,0,0,A - Unit price,100.00 / ครั้ง,ไม่มี,Active
'030000000096,Barium sulphate,Barium sulphate,Barium sulphate,ซีซี,ค่าวินิจฉัยด้วยภาพถ่ายรังสี,0.0,0.0,C - Divide factor price,50.00 / 30,ไม่มี,Active
'030000000097,ค่าปรึกษาอาการ (100),ค่าปรึกษาอาการ,ค่าปรึกษาอาการ,ครั้ง,ค่าบริการทางการแพทย์,0.0,0.0,A - Unit price,100.00 / ครั้ง,ไม่มี,Active
'040000000002,Atropine 1 % eye drops 5ml,Isopto atropine 1 % eye drops,Atropine 1 % 5ml (ลดปวด ขยายม่านตา)/น้ำใส,ขวด,ค่ายานำกลับ,0,0,A - Unit price,150.00 / ขวด,มี,Active
'040000000003,Azopt eye drops,Azopt eye drops,Azopt eye drops 5 ml (ลดความดันตา)(น้ำใส),ขวด,ค่ายานำกลับ,0,0,A - Unit price,300.00 / ขวด,มี,Active
'040000000005,Dex-Oph 0.1% 4ml,Dex-Oph,Dex-Oph 0.1% 4ml (ลดอักเสบ)/น้ำใส,ขวด,ค่ายานำกลับ,0,0,A - Unit price,50.00 / ขวด,มี,Active
'040000000008,Azarga 5 ml(ลดความดันตา) น้ำขุ่น,Brinzolamide10mg+Timolol 5mg,Azarga 5 ml(ลดความดันตา) น้ำขุ่น,ขวด,ค่ายานำกลับ,0,0,A - Unit price,350.00 / ขวด,มี,Active
'040000000011,Lac-Oph 10 ml,Lac-Oph,Lac-Oph 10 ml (น้ำตาเทียม)/น้ำใส,ขวด,ค่ายานำกลับ,0.0,0.0,A - Unit price,80.00 / ขวด,มี,Active
'040000000015,Mydriacyl 1 % eye drops,Mydriacyl 1 % eye drops (15 ml/ขวด),Mydriacyl 1 % eye drops,ขวด,ค่ายาฉีด / สารน้ำ,0,0,-,-,มี,Active
'040000000016,Poly-Oph 5 ml,Poly-Oph,Poly-Oph 5ml (ยาปฏิชีวนะ)/น้ำใส,ขวด,ค่ายานำกลับ,0,0,A - Unit price,80.00 / ขวด,มี,Active
'040000000018,Terramycin eye ointment3.5g,Terramycin eye ointment,Terramycin eye ointment3.5g (ยาปฏิชีวนะ),หลอด,ค่ายานำกลับ,0,0,A - Unit price,50.00 / หลอด,มี,Active
'040000000019,Tetracaine hydrochloride 0.5 %,Tetracaine hydrochloride 0.5 %,Tetracaine hydrochloride 0.5 %,ขวด,ค่ายาฉีด / สารน้ำ,0,0,-,-,มี,Active
'040000000022,Vigamox eye drops 5 ml,Vigamox eye drops,Vigamox eye  5ml (ปฏิชีวนะ)/น้ำใส,ขวด,ค่ายานำกลับ,0,0,A - Unit price,300.00 / ขวด,มี,Active
'040000000023,Volta-Oph 5 ml,Volta-Oph,Volta-Oph5 ml  (ลดอักเสบ)/น้ำใส,ขวด,ค่ายานำกลับ,0,0,A - Unit price,200.00 / ขวด,มี,Active
'040000000024,Optimune ointment,Optimune ointment,Optimune ointment (กระตุ้นการสร้างน้ำตา),หลอด,ค่ายานำกลับ,0.0,0.0,A - Unit price,850.00 / หลอด; 850.00 / หลอด,มี,Active
'040000000025,Ketorolac tromethamine 0.5% (Acular) ลดอักเสบ,Ketorolac tromethamine 0.5% (Acular) ลดอักเสบ,Ketorolac tromethamine 0.5% 5ml(Acular) ลดอักเสบ/น้ำใส,ขวด,ค่ายานำกลับ,0,0,A - Unit price,300.00 / ขวด,มี,Active
'040000000029,Epi-Otic 125 ml,Epi-Otic,Epi-Otic (น้ำยาล้างหู),ขวด,ค่ายานำกลับ,0.0,0.0,A - Unit price,390.00 / ขวด,มี,Active
'040000000030,Sensotop Ear 50 ml (น้ำยาล้างหู),Sensotop Ear 50 ml (น้ำยาล้างหู),Sensotop Ear 50 ml (น้ำยาล้างหู),ขวด,ค่ายานำกลับ,0,0,A - Unit price,220.00 / ขวด,มี,Active
'040000000031,Otomax 7.5g (ยาหยอดหูฆ่าเชื้อ),Otomax 7.5g (ยาหยอดหูฆ่าเชื้อ),Otomax 7.5g (ยาหยอดหูฆ่าเชื้อ),หลอด,ค่ายานำกลับ,0,0,A - Unit price,250.00 / หลอด,มี,Active
'040000000033,Sensotop Shampoo 250 ml,Sensotop Shampoo 250 ml,Sensotop Shampoo 250 ml/แชมพู,ขวด,ค่ายานำกลับ,0,0,A - Unit price,325.00 / ขวด,มี,Active
'040000000038,Malaseb 250 ml*ขายยกขวด*,Malaseb 250 ml,Malaseb 250 ml,ขวด,ค่ายานำกลับ,0,0,A - Unit price,690.00 / ขวด,มี,Active
'040000000043,KU โลชั่นทองพันชั่ง,KU โลชั่นทองพันชั่ง,KU โลชั่นทองพันชั่ง,ซีซี,ค่ายานำกลับ,0,0,B - Range price,0.01-30 = 45.00; 30.01-60 = 90.00; 60.01-90 = 135.00; 90.01-120 = 180.00,มี,Active
'040000000058,Revolution 6 % 0.25 ml สุนัขและแมวไม่เกิน 2.5 kg,Revolution 6 % 0.25 ml (ชมพู),Revolution 6 % 0.25 ml (ชมพู),หลอด,ค่ายานำกลับ,0.0,0.0,A - Unit price,250.00 / หลอด; 250.00 / หลอด,มี,Active
'040000000059,Revolution 6 % 0.75 ml แมว 2.6-7.5 kg(สีน้ำเงิน),Revolution 6 % 0.75 ml แมว 2.6-7.5 kg,Revolution 0.75 ml แมว 2.6-7.5 kg (สีน้ำเงิน),หลอด,ค่ายานำกลับ,0.0,0.0,A - Unit price,270.00 / หลอด; 270.00 / หลอด,มี,Active
'040000000060,Revolution 12 % 0.25 ml สุนัข 2.6-5.0 kg (สีม่วง),Revolution 12 % 0.25 ml สุนัข 2.6-5.0 kg,Revolution 12 % 0.25 ml สุนัข 2.6-5.0 kg (สีม่วง),หลอด,ค่ายานำกลับ,0.0,0.0,A - Unit price,280.00 / หลอด; 280.00 / หลอด,มี,Active
'040000000061,Revolution 12 % 0.5 ml สุนัข 5.1-10kg(สีน้ำตาล),Revolution 12 % สุนัข 5.1-10 kg,Revolution 12 % สุนัข 5.1-10 kg (สีน้ำตาล),หลอด,ค่ายานำกลับ,0.0,0.0,A - Unit price,330.00 / หลอด; 330.00 / หลอด,มี,Active
'040000000062,Revolution 12 % 1.0 ml สุนัข 10.1-20 kg(สีแดง),Revolution 12 % 1.0 ml สุนัข 10.1-20 kg,Revolution 12 % 1.0 ml สุนัข 10.1-20. kg(สีแดง),หลอด,ค่ายานำกลับ,0.0,0.0,A - Unit price,350.00 / หลอด; 350.00 / หลอด,มี,Active
'040000000063,Revolution 12 % 2.0 ml สุนัข 20.1- 40 kg(สีเขียว),Revolution 12 % 2.0 ml สุนัข 20.1- 40 kg,Revolution 12 % 2.0 ml สุนัข 20.1- 40 kg(สีเขียว),หลอด,ค่ายานำกลับ,0.0,0.0,A - Unit price,405.00 / หลอด; 405.00 / หลอด,มี,Active
'040000000064,Advocate for small cats <4 kg,Advocate for small cats <4 kg,Advocate for small cats <4 kg (สีส้ม),หลอด,ค่ายานำกลับ,0.0,0.0,A - Unit price,220.00 / หลอด; 220.00 / หลอด,มี,Active
'040000000065,Advocate for cats 4-8 kg,Advocate for cats 4-8 kg,Advocate for cats 4-8 kg (สีม่วง),หลอด,ค่ายานำกลับ,0.0,0.0,A - Unit price,250.00 / หลอด; 250.00 / หลอด,มี,Active
'040000000074,Povidone Iodine - solution,Povidone Iodine - solution (500 ml/ขวด),Povidone Iodine - solution,ซีซี,ค่ายานำกลับ,0.0,0.0,B - Range price,0.01-30 = 30.00; 30.01-60 = 60.00; 0.01-30 = 30.00; 30.01-60 = 60.00,มี,Active
'040000000083,Chlohexidine scrub 4% (CHX) Hydrex,Hydrex,Chlohexidine scrub 4%,ซีซี,ค่ายานำกลับ,0,0,B - Range price,0.01-30 = 50.00; 30.01-60 = 100.00; 60.01-120 = 200.00,มี,Active
'040000000085,Levofloxacin 0.5% 5ml (Cravit),Cravit,Cravit 0.5% 5ml(ยาปฏิชีวนะ)/น้ำใส,ขวด,ค่ายานำกลับ,0,0,A - Unit price,250.00 / ขวด,มี,Active
'040000000086,Sodium Hyaluronate 0.3% 5ml (Hialid 0.3) น้ำตาเทียม,Sodium Hyaluronate 0.3% 5ml (Hialid 0.3) น้ำตาเทียม,Hialid 0.3% น้ำตาเทียม/น้ำใส,ขวด,ค่ายานำกลับ,0,0,A - Unit price,300.00 / ขวด,มี,Active
'040000000088,***ไม่ใช้***Pemirolast Potassium 0.1% 5 ml (Pemirox),Pemirox,Pemirox,ขวด,ค่ายานำกลับ,0.0,0.0,A - Unit price,150.00 / ขวด,มี,Active
'040000000090,Cyclosporin1 %  4 ml ฝาสีแดง (ยากระตุ้นการสร้างน้ำตา),Cyclosporin1 %  4 ml ฝาสีแดง (ยากระตุ้นการสร้างน้ำตา),Cyclosporin1%4 ml ฝาสีแดง/ยากระตุ้นการสร้างน้ำตา,ขวด,ค่ายานำกลับ,0,0,A - Unit price,300.00 / ขวด,มี,Active
'040000000091,(Sx) ท่อพลาสติกทำ External fix,ท่อพลาสติกทำ External fix,ท่อพลาสติกทำ External fix,เส้น,ค่าเวชภัณฑ์ / วัสดุการแพทย์,0.0,0.0,A - Unit price,500.00 / เส้น,ไม่มี,Active
'040000000092,(Sx) ผงอะคิลิค,ผงอะคิลิค,ผงอะคิลิค,ครั้ง,ค่าเวชภัณฑ์ / วัสดุการแพทย์,0.0,0.0,A - Unit price,200.00 / ครั้ง; 200.00 / ครั้ง,ไม่มี,Active
'040000000093,"Foley catheter 8 Fr x 22"" (male)","Foley catheter 8 Fr x 22"" (male)","Foley catheter 8 Fr x 22"" (male)",เส้น,ค่าเวชภัณฑ์ / วัสดุการแพทย์,0.0,0.0,A - Unit price,800.00 / เส้น; 800.00 / เส้น,ไม่มี,Active
'040000000094,Foley catheter 2 ways CH 6 ตัวผู้,Foley catheter 2 ways CH 6,Foley catheter 2 ways CH 6,เส้น,ค่าเวชภัณฑ์ / วัสดุการแพทย์,0.0,0.0,A - Unit price,250.00 / เส้น; 250.00 / เส้น,ไม่มี,Active
'040000000099,เบตาดีน้ำ (Povidone Iodine solution) PVD น้ำ,เบตาดีน้ำ (Povidone Iodine solution) PVD น้ำ,เบตาดีน้ำ (Povidone Iodine solution) PVD น้ำ,ซีซี,ค่ายานำกลับ,0,0,B - Range price,0.01-30 = 50.00; 30.01-60 = 100.00; 60.01-90 = 150.00; 90.01-120 = 200.00,มี,Active
'040000000101,Tacrolimus 4 ml  (กระตุ้นการสร้างน้ำตา/ฝาสีเขียว),Tacrolimus (กระตุ้นการสร้างน้ำตา/ฝาสีเขียว),Tacrolimus 4 ml (กระตุ้นการสร้างน้ำตา/ฝาสีเขียว)/น้ำมัน,ขวด,ค่ายานำกลับ,0,0,A - Unit price,900.00 / ขวด,มี,Active
'040000000103,Timolol maleaste eye drops (ลดความดันตา),Timolol maleaste eye drops (ลดความดันตา),Timolol 0.5% 5ml(ลดความดันตา/น้ำใส),ขวด,ค่ายานำกลับ,0,0,A - Unit price,240.00 / ขวด,มี,Active
'040000000107,Boric acid ( Opsar ) 120 ml /ขวด,,Opsar (น้ำยาล้างตา),ซีซี,ค่ายานำกลับ,0,0,A - Unit price,100.00 / ซีซี,มี,Active
'040000000112,Malaseb (แบ่งขาย),Malaseb,Malaseb,ซีซี,ค่ายานำกลับ,0,0,C - Divide factor price,90.00 / 30,มี,Active
'040000000113,bravecto plus (Cat >6.25-12.5 kg),bravecto plus (Cat >6.25-12.5 kg),bravecto plus (Cat >6.25-12.5 kg),หลอด,ค่ายานำกลับ,0,0,A - Unit price,800.00 / หลอด,มี,Active
'040000000115,Bactacin ointment 15 g (แบบหลอด),Bactacin  15 กรัม,Bactacin ointment 15 g/ยาทาแผล,หลอด,ค่ายานำกลับ,0,0,A - Unit price,35.00 / หลอด,มี,Active
'040000000123,KU โลชั่นทองพันชั่ง(ขายยกขวด 245 ml.),KU โลชั่นทองพันชั่ง(ขายยกขวด 245 ml.),KU โลชั่นทองพันชั่ง(ขายยกขวด 245 ml.),ขวด,ค่ายานำกลับ,0,0,A - Unit price,310.00 / ขวด,มี,Active
'040000000130,Essential 6 spot on (10-20 kg.),Essential 6 spot on (10-20 kg.),Essential 6 spot on (10-20 kg.) บำรุงขนและผิวหนัง/สีส้ม,หลอด,ค่ายานำกลับ,0,0,A - Unit price,310.00 / หลอด,มี,Active
'040000000131,Essential 6 spot on (10-20 kg.) (4 หลอด/กล่อง),Essential 6 spot on (10-20 kg.),Essential 6 spot on (10-20 kg.) บำรุงขนและผิวหนัง/สีส้ม,หลอด,ค่ายานำกลับ,0,0,C - Divide factor price,"1,200.00 / 4",มี,Active
'040000000134,Sensotop Spot-on 1ml (0-20kg) *ยาหยดหลัง*,Sensotop Spot-on,Sensotop Spot-on (0-20kg)/ปรับสภาพผิวหนังลดการติดเชื้อ,หลอด,ค่ายานำกลับ,0,0,A - Unit price,195.00 / หลอด,มี,Active
'040000000135,Sensotop Spot-on 2ml (20-40kg) *ยาหยดหลัง*,Sensotop Spot-on 2ml (20-40kg),Sensotop Spot-on 20-40kg/ปรับสภาพผิวหนังลดการติดเชื้อ,หลอด,ค่ายานำกลับ,0,0,A - Unit price,260.00 / หลอด,มี,Active
'040000000137,Vidisic gel 10g (น้ำตาเทียม),Vidisic gel (น้ำตาเทียม),Vidisic gel10g  (น้ำตาเทียม)/เจลใส,หลอด,ค่ายานำกลับ,0,0,A - Unit price,190.00 / หลอด,มี,Active
'040000000139,Tobramycin eye drop 0.3 %(Tobrex),Tobramycin eye drop 0.3 %(Tobrex),Tobramycin eye drop 0.3 %5ml(ยาปฏิชีวนะ)/น้ำใส,ขวด,ค่ายานำกลับ,0,0,A - Unit price,150.00 / ขวด,มี,Active
'040000000140,C-20 chlorhexidine mouth wash (น้ำยาล้างปาก),C-20 chlorhexidine mouth wash (น้ำยาล้างปาก),C-20 chlorhexidine mouth wash (น้ำยาล้างปาก),ขวด,ค่ายานำกลับ,0,0,A - Unit price,70.00 / ขวด,มี,Active
'040000000141,micohex shampoo(250ml.),micohex shampoo(250ml.),micohex shampoo(250ml.),ขวด,ค่ายานำกลับ,0,0,A - Unit price,450.00 / ขวด,มี,Active
'040000000142,micohex shampoo(120ml.),micohex shampoo(120ml.),micohex shampoo(120ml.),ขวด,ค่ายานำกลับ,0,0,A - Unit price,230.00 / ขวด,มี,Active
'040000000143,Oridernyl 10 g (ยาหยอดหู),Oridernyl 10 g (ยาหยอดหู),Oridernyl 10 g (ยาหยอดหู),หลอด,ค่ายานำกลับ,0,0,A - Unit price,350.00 / หลอด,มี,Active
'040000000144,autologous serum eye drop (ซีรั่มกระตุ้นการหายของแผลที่กระจกตา),autologous serum eye drop (ซีรั่มกระตุ้นการหายของแผลที่กระจกตา),ซีรั่มกระตุ้นการหายของแผลที่กระจกตา,ขวด,ค่ายานำกลับ,0,0,A - Unit price,150.00 / ขวด,มี,Active
'040000000145,Pred Forte (ยาหยอดตาลดอักเสบ) 5 ml,Pred Forte (ยาหยอดตาลดอักเสบ),Pred Forte 5ml(ยาหยอดตาลดอักเสบ)/แขวนตตะกอน,ขวด,ค่ายานำกลับ,0,0,A - Unit price,200.00 / ขวด,มี,Active
'040000000146,Foley catheter 2 ways CH 8,Foley catheter 2 ways CH 8,Foley catheter 2 ways CH 8,เส้น,ค่าเวชภัณฑ์ / วัสดุการแพทย์,0.0,0.0,A - Unit price,250.00 / เส้น; 250.00 / เส้น,ไม่มี,Active
'040000000148,umonium sterily (น้ำยาฆ่าเชื้อ),umonium sterily (น้ำยาฆ่าเชื้อ),umonium sterily (น้ำยาฆ่าเชื้อ),ซีซี,ค่าเวชภัณฑ์ / วัสดุการแพทย์,0.0,0.0,C - Divide factor price,100.00 / 30; 100.00 / 30,มี,Active
'040000000149,D-Essence 60 ml **ขายยกขวดไม่แบ่งขาย**,D-Essence 60 ml,D-Essence 60 ml /บำรุงขนและผิวหนัง,ซีซี,ค่ายานำกลับ,0,0,B - Range price,0.01-60 = 180.00,มี,Active
'040000000150,PlaqueOff powder(ผงขัดหินปูน) 10g,PlaqueOff powder(ผงขัดหินปูน) 10g,PlaqueOff powder(ผงขัดหินปูน) 10g,กระปุก,ค่ายานำกลับ,0,0,A - Unit price,200.00 / กระปุก,มี,Active
'040000000151,PlaqueOff powder(ผงขัดหินปูน) 40g,PlaqueOff powder(ผงขัดหินปูน) 40g,PlaqueOff powder(ผงขัดหินปูน) 40g,กระปุก,ค่ายานำกลับ,0,0,A - Unit price,780.00 / กระปุก,มี,Active
'040000000153,xalatan(0.005%latanoprost) ลดความดันตา,xalatan(0.005%latanoprost) ลดความดันตา,xalatan(0.005%latanoprost) ลดความดันตา/น้ำใส,ขวด,ค่ายานำกลับ,0,0,A - Unit price,780.00 / ขวด,มี,Active
'040000000154,anicine ointment(ยาทาแผลสด ลดการปวดลดอักเสบของแผล),anicine ointment(ยาทาแผลสด ลดการปวดลดอักเสบของแผล),anicine ointment(ยาทาแผลสด ลดการปวดลดอักเสบของแผล),หลอด,ค่ายานำกลับ,0,0,A - Unit price,200.00 / หลอด,มี,Active
'040000000155,Benocort-N cream,Benocort-N cream,Benocort-N cream(ครีมฆ่าเชื้อลดอักเสบ),ตลับ,ค่ายานำกลับ,0,0,A - Unit price,30.00 / ตลับ,มี,Active
'040000000156,Nanogel  20 g,Nanogel  20 g,Nanogel  20 g (เจลลดการติดเชื้อ),หลอด,ค่ายานำกลับ,0,0,A - Unit price,230.00 / หลอด,มี,Active
'040000000157,Sensotop Spray 20 ml.,Sensotop Spray 20 ml.,Sensotop Spray 20 ml.(สเปรย์คุมการติดเชื้อ),ขวด,ค่ายานำกลับ,0,0,A - Unit price,150.00 / ขวด,มี,Active
'040000000159,Revolution PLUS 0.5ml  แมว 2.6-5 kg สีส้ม,Revolution PLUS แมว 2.6-5 kg,Revolution PLUS แมว 2.6-5 kg สีส้ม,หลอด,ค่ายานำกลับ,0.0,0.0,A - Unit price,285.00 / หลอด; 285.00 / หลอด,มี,Active
'040000000161,Prac-tic 22-50 kg.(Large) กำจัดเห็บหมัด,Prac-tic 22-50 kg.(Large) กำจัดเห็บหมัด,Prac-tic 22-50 kg.(Large) กำจัดเห็บหมัด,หลอด,ค่ายาฉีด / สารน้ำ,0,0,-,-,ไม่มี,Active
'040000000162,Keto cream 5 g (ครีมฆ่าเชื้อรา),Keto cream 5 g (ครีมฆ่าเชื้อรา),Keto cream 5 g (ครีมฆ่าเชื้อรา),หลอด,ค่ายานำกลับ,0,0,A - Unit price,50.00 / หลอด,มี,Active
'040000000165,bravecto plus (cat >2.8-6.25 kg),bravecto plus (cat >2.8-6.25 kg),bravecto plus (cat >2.8-6.25 kg),หลอด,ค่ายานำกลับ,0,0,A - Unit price,700.00 / หลอด,มี,Active
'040000000166,Labocyn Spray 50 ml *ไม่แบ่งขาย*,Labocyn Spray 50 ml,Labocyn Spray 50 ml (ควบคุมการติดเชื้อ),ขวด,ค่ายานำกลับ,0,0,A - Unit price,320.00 / ขวด,มี,Active
'040000000167,Fentanyl patch (25 mcg/hr),Fentanyl patch (25 mcg/hr),Fentanyl patch (25 mcg/hr) ยาลดปวด,แผ่น,ค่าเวชภัณฑ์ / วัสดุการแพทย์,0.0,0.0,A - Unit price,300.00 / แผ่น; 300.00 / แผ่น,ไม่มี,Active
'040000000168,TEP-Plus (115ml),TEP-Plus (115ml),TEP-Plus 115ml / น้ำยาฆ่าเชื้อ/ล้างหู,ขวด,ค่ายานำกลับ,0,0,A - Unit price,390.00 / ขวด,มี,Active
'040000000169,Sildenafil 50 mg,SIDEGRA,Sildenafil 50 mg /ลดความดันในปอด,เม็ด,ค่ายานำกลับ,0,0,A - Unit price,25.00 / เม็ด,มี,Active
'040000000170,Fentanyl patch (50mcg/hr) ยาลดปวด,,Fentanyl patch (25 mcg/hr) ยาลดปวด,แผ่น,ค่าเวชภัณฑ์ / วัสดุการแพทย์,0.0,0.0,A - Unit price,500.00 / แผ่น; 500.00 / แผ่น,ไม่มี,Active
'040000000171,แผ่นแปะกันน้ำ,,แผ่นแปะกันน้ำ,แผ่น,ค่าเวชภัณฑ์ / วัสดุการแพทย์,0.0,0.0,A - Unit price,50.00 / แผ่น; 50.00 / แผ่น,ไม่มี,Active
'040000000173,Tx:Revolution 6 % 0.25 ml สุนัขและแมวไม่เกิน 2.5 kg,Revolution 6 % 0.25 ml สุนัขและแมวไม่เกิน 2.5 kg,,หลอด,ค่ายาฉีด / สารน้ำ,0.0,0.0,A - Unit price,250.00 / หลอด,ไม่มี,Active
'040000000174,Tx:Revolution 6 % 0.75 ml แมว 2.6-7.5 kg(สีน้ำเงิน),Revolution 6 % 0.75 ml แมว 2.6-7.5 kg(สีน้ำเงิน),Revolution 6 % 0.75 ml แมว 2.6-7.5 kg(สีน้ำเงิน),หลอด,ค่ายาฉีด / สารน้ำ,0.0,0.0,A - Unit price,270.00 / หลอด,ไม่มี,Active
'040000000175,Tx:Revolution 12 % 0.25 ml สุนัข 2.6-5.0 kg (สีม่วง),Revolution 12 % 0.25 ml สุนัข 2.6-5.0 kg (สีม่วง),Revolution 12 % 0.25 ml สุนัข 2.6-5.0 kg (สีม่วง),หลอด,ค่ายาฉีด / สารน้ำ,0.0,0.0,A - Unit price,280.00 / หลอด,ไม่มี,Active
'040000000176,Tx:Revolution 12 % 0.5 ml สุนัข 5.1-10kg(สีน้ำตาล),,,หลอด,ค่ายาฉีด / สารน้ำ,0.0,0.0,A - Unit price,330.00 / หลอด,ไม่มี,Active
'040000000177,Tx:Revolution 12 % 1.0 ml สุนัข 10.1-20 kg(สีแดง),Revolution 12 % 1.0 ml สุนัข 10.1-20 kg(สีแดง),Revolution 12 % 1.0 ml สุนัข 10.1-20 kg(สีแดง),หลอด,ค่ายาฉีด / สารน้ำ,0.0,0.0,A - Unit price,350.00 / หลอด,ไม่มี,Active
'040000000178,Tx: Revolution 12 % 2.0 ml สุนัข 20.1- 40 kg(สีเขียว),Revolution 12 % 2.0 ml สุนัข 20.1- 40 kg(สีเขียว),Revolution 12 % 2.0 ml สุนัข 20.1- 40 kg(สีเขียว),หลอด,ค่ายาฉีด / สารน้ำ,0.0,0.0,A - Unit price,405.00 / หลอด,ไม่มี,Active
'040000000179,Tx: Revolution PLUS 0.5ml แมว 2.6-5 kg สีส้ม,Revolution PLUS 0.5ml แมว 2.6-5 kg สีส้ม,Revolution PLUS 0.5ml แมว 2.6-5 kg สีส้ม,หลอด,ค่ายาฉีด / สารน้ำ,0.0,0.0,A - Unit price,285.00 / หลอด,ไม่มี,Active
'050000000001,"สายต่อน้ำเกลือ 6 นิ้ว (Extension 6"")","Extension 6""","Extension 6""",อัน,ค่าเวชภัณฑ์ / วัสดุการแพทย์,0.0,0.0,A - Unit price,15.00 / อัน; 15.00 / อัน,ไม่มี,Active
'050000000002,"สายต่อน้ำเกลือ 12 นิ้ว (Extension 12"")","Extension 12""","Extension 12""",อัน,ค่าเวชภัณฑ์ / วัสดุการแพทย์,0.0,0.0,A - Unit price,15.00 / อัน; 15.00 / อัน,ไม่มี,Active
'050000000003,"สายต่อน้ำเกลือ 36 นิ้ว (Extension 36"")","Extension 36""","Extension 36""",อัน,ค่าเวชภัณฑ์ / วัสดุการแพทย์,0.0,0.0,A - Unit price,15.00 / อัน; 15.00 / อัน,ไม่มี,Active
'050000000004,ปลอกคอกันเลียเบอร์ 7.5 (Collar No. 7.5),Collar No. 7.5,Collar No. 7.5,อัน,ค่าเวชภัณฑ์ / วัสดุการแพทย์,0.0,0.0,A - Unit price,130.00 / อัน; 130.00 / อัน,ไม่มี,Active
'050000000005,ปลอกคอกันเลียเบอร์ 10 (Collar No.10),Collar No.10,Collar No.10,อัน,ค่าเวชภัณฑ์ / วัสดุการแพทย์,0.0,0.0,A - Unit price,140.00 / อัน; 140.00 / อัน,ไม่มี,Active
'050000000006,ปลอกคอกันเลียเบอร์ 12.5 (Collar No.12.5),Collar No.12.5,Collar No.12.5,อัน,ค่าเวชภัณฑ์ / วัสดุการแพทย์,0.0,0.0,A - Unit price,160.00 / อัน; 160.00 / อัน,ไม่มี,Active
'050000000007,ปลอกคอกันเลียเบอร์ 15 (Collar No. 15),Collar No. 15,Collar No. 15,อัน,ค่าเวชภัณฑ์ / วัสดุการแพทย์,0.0,0.0,A - Unit price,170.00 / อัน; 170.00 / อัน,ไม่มี,Active
'050000000008,ปลอกคอกันเลียเบอร์ 20 (Collar No.20),Collar No.20,Collar No.20,อัน,ค่าเวชภัณฑ์ / วัสดุการแพทย์,0.0,0.0,A - Unit price,200.00 / อัน; 200.00 / อัน,ไม่มี,Active
'050000000009,ปลอกคอกันเลียเบอร์ 25 (Collar No.25),Collar No.25,Collar No.25,อัน,ค่าเวชภัณฑ์ / วัสดุการแพทย์,0.0,0.0,A - Unit price,225.00 / อัน; 225.00 / อัน,ไม่มี,Active
'050000000010,ปลอกคอกันเลียเบอร์ 30 (Collar No.30),Collar No.30,Collar No.30,อัน,ค่าเวชภัณฑ์ / วัสดุการแพทย์,0.0,0.0,A - Unit price,270.00 / อัน; 270.00 / อัน,ไม่มี,Active
'050000000011,ผ้าก๊อซ แบบห่อสเตอร์ไรด์ (Gauze pack),ผ้าก๊อซ (Gauze pack),ผ้าก๊อซ (Gauze pack),ห่อ,ค่าเวชภัณฑ์ / วัสดุการแพทย์,0.0,0.0,A - Unit price,15.00 / ห่อ; 15.00 / ห่อ,มี,Active
'050000000012,ไซริงค์อินซูลิน 0.5 ซีซี (Insulin syringe 0.5 ml),Insulin syringe 0.5 ml,Insulin syringe 0.5 ml,อัน,ค่าเวชภัณฑ์ / วัสดุการแพทย์,0.0,0.0,A - Unit price,15.00 / อัน; 15.00 / อัน,มี,Active
'050000000014,ไซริงค์ 1 ซีซี (syringe 1 ml)(ไม่มีหัวเข็ม),syringe 1 ml(ไม่มีหัวเข็ม),syringe 1 ml(ไม่มีหัวเข็ม),อัน,ค่าเวชภัณฑ์ / วัสดุการแพทย์,0.0,0.0,A - Unit price,10.00 / อัน; 10.00 / อัน,มี,Active
'050000000015,ไซริงค์ 3 ซีซี (Syringe 3 ml),Syringe 3 ml,Syringe 3 m,อัน,ค่าเวชภัณฑ์ / วัสดุการแพทย์,0.0,0.0,A - Unit price,5.00 / อัน; 5.00 / อัน,มี,Active
'050000000016,ไซริงค์ 5 ซีซี (Syringe 5 ml),Syringe 5 ml,Syringe 5 ml,อัน,ค่าเวชภัณฑ์ / วัสดุการแพทย์,0.0,0.0,A - Unit price,5.00 / อัน; 5.00 / อัน,มี,Active
'050000000017,ไซริงค์ 10 ซีซี (Syringe 10 ml),Syringe 10 m,Syringe 10 m,อัน,ค่าเวชภัณฑ์ / วัสดุการแพทย์,0.0,0.0,A - Unit price,10.00 / อัน; 10.00 / อัน,มี,Active
'050000000018,ไซริงค์ 20 ซีซี (Syringe 20 ml),Syringe 20 ml,Syringe 20 ml,อัน,ค่าเวชภัณฑ์ / วัสดุการแพทย์,0.0,0.0,A - Unit price,10.00 / อัน; 10.00 / อัน,มี,Active
'050000000019,ไซริงค์ 50 ซีซี (Syringe 50 ml),Syringe 50 m,Syringe 50 m,อัน,ค่าเวชภัณฑ์ / วัสดุการแพทย์,0.0,0.0,A - Unit price,20.00 / อัน; 20.00 / อัน,มี,Active
'050000000020,เข็มฉีดยาเข้าไขสันหลัง (Spinal needle g23 1/2),Spinal needle g23 1/2,Spinal needle g23 1/2,อัน,ค่าเวชภัณฑ์ / วัสดุการแพทย์,0.0,0.0,A - Unit price,60.00 / อัน; 60.00 / อัน,ไม่มี,Active
'050000000021,"เข็มฉีดยา เบอร์ 24x1"" (ม่วง) Needle No.24x1""","Needle No.24x1""","Needle No.24x1"" (ม่วง)",อัน,ค่าเวชภัณฑ์ / วัสดุการแพทย์,0.0,0.0,A - Unit price,2.00 / อัน; 2.00 / อัน,มี,Active
'050000000022,"เข็มฉีดยา เบอร์ 23x1"" (ฟ้า) Needle No.23x1""","Needle No.23x1""","Needle No.23x1"" (ฟ้า)",อัน,ค่าเวชภัณฑ์ / วัสดุการแพทย์,0.0,0.0,A - Unit price,2.00 / อัน; 2.00 / อัน,มี,Active
'050000000023,"เข็มฉีดยา เบอร์ 23x 1 1/2"" (ฟ้ายาว) Needle No.23x1 1/2""","Needle No.23x 1 1/2""","Needle No.23x 1 1/2"" (ฟ้ายาว)",อัน,ค่าเวชภัณฑ์ / วัสดุการแพทย์,0.0,0.0,A - Unit price,2.00 / อัน; 2.00 / อัน,ไม่มี,Active
'050000000024,"เข็มฉีดยา เบอร์ 22x1"" (ดำ) Needle No.22x1""","Needle No.22x1""","Needle No.22x1"" (ดำ)",อัน,ค่าเวชภัณฑ์ / วัสดุการแพทย์,0.0,0.0,A - Unit price,2.00 / อัน; 2.00 / อัน,มี,Active
'050000000026,"เข็มฉีดยา เบอร์ 20x1"" (เหลือง) Needle No.20x1""","Needle No.20x1""","Needle No.20x1"" (เหลือง)",อัน,ค่าเวชภัณฑ์ / วัสดุการแพทย์,0.0,0.0,A - Unit price,2.00 / อัน; 2.00 / อัน,มี,Active
'050000000027,"เข็มฉีดยา เบอร์ 18x1"" (ชมพู) Needle No.18x1""","Needle No.18x1""","Needle No.18x1"" (ชมพู)",อัน,ค่ายานำกลับ,0,0,A - Unit price,2.00 / อัน,มี,Active
'050000000029,เข็มผีเสื้อ เบอร์ 20 (เหลือง) Scalp vein(butterfly) No.20,Scalp vein No.20,Scalp vein No.20 (เหลือง),อัน,ค่าเวชภัณฑ์ / วัสดุการแพทย์,0.0,0.0,A - Unit price,30.00 / อัน; 30.00 / อัน,ไม่มี,Active
'050000000030,เข็มผีเสื้อ เบอร์ 22 (ดำ) Scalp vein(butterfly) No.22,Scalp vein No.22,Scalp vein No.22 (ดำ),อัน,ค่าเวชภัณฑ์ / วัสดุการแพทย์,0.0,0.0,A - Unit price,30.00 / อัน; 30.00 / อัน,ไม่มี,Active
'050000000031,ชุดสายน้ำเกลือธรรมดา (Infusion set),Infusion set,Infusion set,อัน,ค่าเวชภัณฑ์ / วัสดุการแพทย์,0.0,0.0,A - Unit price,20.00 / อัน; 20.00 / อัน,มี,Active
'050000000032,ชุดสายน้ำเกลือเด็ก (children Infusion set),children Infusion set,children Infusion set,อัน,ค่าเวชภัณฑ์ / วัสดุการแพทย์,0.0,0.0,A - Unit price,20.00 / อัน; 20.00 / อัน,ไม่มี,Active
'050000000033,ชุดให้เลือด (Blood transfusion set),Blood transfusion set,Blood transfusion set,ห่อ,ค่าเวชภัณฑ์ / วัสดุการแพทย์,0.0,0.0,A - Unit price,50.00 / ห่อ; 50.00 / ห่อ,ไม่มี,Active
'050000000034,จุกปิดน้ำเกลือ (injection plug/heparin plug),injection plug,injection plug,อัน,ค่าเวชภัณฑ์ / วัสดุการแพทย์,0.0,0.0,A - Unit price,30.00 / อัน; 30.00 / อัน,ไม่มี,Active
'050000000035,ปลั๊ก 3 ทาง (3 way valve),3 way valve,3 way valve,อัน,ค่าเวชภัณฑ์ / วัสดุการแพทย์,0.0,0.0,A - Unit price,50.00 / อัน; 50.00 / อัน,ไม่มี,Active
'050000000036,เข็มให้น้ำเกลือ เบอร์ 26 (ม่วง) IV catheter No.26,IV catheter No.26,IV catheter No.26 (ม่วง),อัน,ค่าเวชภัณฑ์ / วัสดุการแพทย์,0.0,0.0,A - Unit price,80.00 / อัน; 80.00 / อัน,ไม่มี,Active
'050000000037,เข็มให้น้ำเกลือ เบอร์ 24 (เหลือง) IV catheter No.24,IV catheter No.24,IV catheter No.24 (เหลือง),อัน,ค่าเวชภัณฑ์ / วัสดุการแพทย์,0.0,0.0,A - Unit price,50.00 / อัน; 50.00 / อัน,ไม่มี,Active
'050000000038,เข็มให้น้ำเกลือ เบอร์ 22 (ฟ้า) IV catheter No.22,IV catheter No.22,IV catheter No.22 (ฟ้า),อัน,ค่าเวชภัณฑ์ / วัสดุการแพทย์,0.0,0.0,A - Unit price,50.00 / อัน; 50.00 / อัน,ไม่มี,Active
'050000000039,เข็มให้น้ำเกลือ เบอร์ 16 (ดำยาว) IV catheter No.16,IV catheter No.16,IV catheter No.16 (ดำยาว),อัน,ค่าเวชภัณฑ์ / วัสดุการแพทย์,0.0,0.0,A - Unit price,50.00 / อัน; 50.00 / อัน,ไม่มี,Active
'050000000040,สายสวนปัสสาวะสุนัข เหลือง (Feeding tube No.10) (UB catheter),Feeding tube No.10,Feeding tube No.10 (เหลือง),อัน,ค่าเวชภัณฑ์ / วัสดุการแพทย์,0.0,0.0,A - Unit price,25.00 / อัน; 25.00 / อัน,ไม่มี,Active
'050000000041,สายสวนปัสสาวะสุนัข ฟ้า (Feeding tube No.8) (UB catheter),Feeding tube No.8,Feeding tube No.8 (ฟ้า),อัน,ค่าเวชภัณฑ์ / วัสดุการแพทย์,0.0,0.0,A - Unit price,20.00 / อัน; 20.00 / อัน,ไม่มี,Active
'050000000042,Stomach Tube 18/125cm,Stomach Tube 18/125cm,Stomach Tube 18/125cm,อัน,ค่าเวชภัณฑ์ / วัสดุการแพทย์,0.0,0.0,A - Unit price,50.00 / อัน; 50.00 / อัน,ไม่มี,Active
'050000000043,สายสวนปัสสาวะสุนัข ขาว (Feeding tube No.5) (UB catheter),Feeding tube No.5,Feeding tube No.5 (ขาว),อัน,ค่าเวชภัณฑ์ / วัสดุการแพทย์,0.0,0.0,A - Unit price,20.00 / อัน; 20.00 / อัน,ไม่มี,Active
'050000000044,ถุงมือตรวจ เบอร์ S,ถุงมือตรวจ เบอร์ S,ถุงมือตรวจ เบอร์ S,คู่,ค่าเวชภัณฑ์ / วัสดุการแพทย์,0.0,0.0,A - Unit price,5.00 / คู่; 5.00 / คู่,ไม่มี,Active
'050000000045,ถุงมือตรวจ เบอร์ M,ถุงมือตรวจ เบอร์ M,ถุงมือตรวจ เบอร์ M,คู่,ค่าเวชภัณฑ์ / วัสดุการแพทย์,0.0,0.0,A - Unit price,5.00 / คู่; 5.00 / คู่,ไม่มี,Active
'050000000048,"ก๊อซม้วน 3 นิ้ว (Gauze roll 3"")","ก๊อซม้วน 3 นิ้ว (Gauze roll 3"")","ก๊อซม้วน 3 นิ้ว (Gauze roll 3"")",ม้วน,ค่าเวชภัณฑ์ / วัสดุการแพทย์,0.0,0.0,A - Unit price,10.00 / ม้วน; 10.00 / ม้วน,มี,Active
'050000000050,แผ่นรองซับ L,แผ่นรองซับ L,แผ่นรองซับ L,แผ่น,ค่าเวชภัณฑ์ / วัสดุการแพทย์,0.0,0.0,A - Unit price,20.00 / แผ่น; 20.00 / แผ่น,ไม่มี,Active
'050000000051,แผ่นรองซับ L (ขายยกห่อ),แผ่นรองซับ L (ขายยกห่อ),แผ่นรองซับ L (ขายยกห่อ),แผ่น,ค่าเวชภัณฑ์ / วัสดุการแพทย์,0.0,0.0,A - Unit price,105.00 / แผ่น; 105.00 / แผ่น,ไม่มี,Active
'050000000052,เสื้อหลังผ่าตัด S,เสื้อหลังผ่าตัด S,เสื้อหลังผ่าตัด S,ตัว,ค่าเวชภัณฑ์ / วัสดุการแพทย์,0.0,0.0,A - Unit price,190.00 / ตัว; 190.00 / ตัว,ไม่มี,Active
'050000000053,เสื้อหลังผ่าตัด M,เสื้อหลังผ่าตัด M,เสื้อหลังผ่าตัด M,ตัว,ค่าเวชภัณฑ์ / วัสดุการแพทย์,0.0,0.0,A - Unit price,200.00 / ตัว; 200.00 / ตัว,ไม่มี,Active
'050000000054,เสื้อหลังผ่าตัด L,เสื้อหลังผ่าตัด L,เสื้อหลังผ่าตัด L,ตัว,ค่าเวชภัณฑ์ / วัสดุการแพทย์,0.0,0.0,A - Unit price,210.00 / ตัว; 210.00 / ตัว,ไม่มี,Active
'050000000055,เสื้อหลังผ่าตัด XL,เสื้อหลังผ่าตัด XL,เสื้อหลังผ่าตัด XL,ตัว,ค่าเวชภัณฑ์ / วัสดุการแพทย์,0.0,0.0,A - Unit price,220.00 / ตัว; 220.00 / ตัว,ไม่มี,Active
'050000000056,แม็กเย็บแผล (max),แม็กเย็บแผล,แม็กเย็บแผล,ตัว,ค่าเวชภัณฑ์ / วัสดุการแพทย์,0.0,0.0,A - Unit price,50.00 / ตัว; 50.00 / ตัว,ไม่มี,Active
'050000000058,Fixomull (ซ.ม.),Fixomull (ซ.ม.),Fixomull (ซ.ม.),เซนติเมตร,ค่ายานำกลับ,0,0,A - Unit price,1.00 / เซนติเมตร,มี,Active
'050000000059,"Coban 2""/ผ้ายืดพันแผล 2 นิ้ว","Coban 2""","Coban 2""/ผ้ายืดพันแผล2 นิ้ว",ม้วน,ค่าเวชภัณฑ์ / วัสดุการแพทย์,0.0,0.0,A - Unit price,50.00 / ม้วน; 50.00 / ม้วน,มี,Active
'050000000060,"Coban 3""/ผ้ายืดพันแผล 3 นิ้ว","Coban 3""ผ้ายืดพันแผล","Coban 3""/ ผ้ายืดพันแผล",ม้วน,ค่าเวชภัณฑ์ / วัสดุการแพทย์,0.0,0.0,A - Unit price,70.00 / ม้วน; 70.00 / ม้วน,มี,Active
'050000000062,สายสวนปัสสาวะแมวมีแกนขนาด 1.3x130 มม. (Cat catheter 1.3x130 mm. with stylet),สายสวนปัสสาวะแมวมีแกนขนาด 1.3x130 มม.,สายสวนปัสสาวะแมวมีแกนขนาด 1.3x130 มม.,อัน,ค่าเวชภัณฑ์ / วัสดุการแพทย์,0.0,0.0,A - Unit price,300.00 / อัน; 300.00 / อัน,ไม่มี,Active
'050000000065,ถุงเก็บเลือด single bag ขนาด 350 ml,ถุงเก็บเลือด single bag ขนาด 350 ml,ถุงเก็บเลือด single bag ขนาด 350 ml,ถุง,ค่าเวชภัณฑ์ / วัสดุการแพทย์,0.0,0.0,A - Unit price,300.00 / ถุง,ไม่มี,Active
'050000000066,ถุงเก็บเลือด single bag ขนาด 450 ml,ถุงเก็บเลือด single bag ขนาด 450 ml,ถุงเก็บเลือด single bag ขนาด 450 ml,ถุง,ค่าเวชภัณฑ์ / วัสดุการแพทย์,0.0,0.0,A - Unit price,300.00 / ถุง,ไม่มี,Active
'050000000067,ถุงเก็บเลือด double bag ขนาด 350 ml,ถุงเก็บเลือด double bag ขนาด 350 ml,ถุงเก็บเลือด double bag ขนาด 350 ml,ถุง,ค่าเวชภัณฑ์ / วัสดุการแพทย์,0.0,0.0,A - Unit price,300.00 / ถุง,ไม่มี,Active
'050000000070,"เทปเหนียว 1 นิ้ว (Neoplast 1"")",เทปเหนียว 1 นิ้ว,เทปเหนียว 1 นิ้ว,ม้วน,ค่าเวชภัณฑ์ / วัสดุการแพทย์,0.0,0.0,A - Unit price,60.00 / ม้วน; 60.00 / ม้วน,มี,Active
'050000000072,Exlite (10x180 cm.),Exlite (10x180 cm.),Exlite (10x180 cm.),ม้วน,ค่าเวชภัณฑ์ / วัสดุการแพทย์,0.0,0.0,A - Unit price,300.00 / ม้วน,ไม่มี,Active
'050000000073,สำลีรองเฝือก,สำลีรองเฝือก,สำลีรองเฝือก,ม้วน,ค่าเวชภัณฑ์ / วัสดุการแพทย์,0.0,0.0,A - Unit price,100.00 / ม้วน; 100.00 / ม้วน,มี,Active
'050000000074,ใบมีดโกน,ใบมีดโกน,ใบมีดโกน,ใบ,ค่าเวชภัณฑ์ / วัสดุการแพทย์,0.0,0.0,A - Unit price,20.00 / ใบ; 20.00 / ใบ,ไม่มี,Active
'050000000075,ปรอทวัดไข้,ปรอทวัดไข้,ปรอทวัดไข้,อัน,ค่าเวชภัณฑ์ / วัสดุการแพทย์,0.0,0.0,A - Unit price,60.00 / อัน; 60.00 / อัน,ไม่มี,Active
'050000000077,กระปุกใสเบอร์ 1 ใหญ่,กระปุกใสเบอร์ 1 ใหญ่,กระปุกใสเบอร์ 1 ใหญ่,ใบ,ค่าเวชภัณฑ์ / วัสดุการแพทย์,0.0,0.0,A - Unit price,20.00 / ใบ; 20.00 / ใบ,มี,Active
'050000000078,กระปุกใสเบอร์ 2 กลาง,กระปุกใสเบอร์ 2 กลาง,กระปุกใสเบอร์ 2 กลาง,ใบ,ค่าเวชภัณฑ์ / วัสดุการแพทย์,0.0,0.0,A - Unit price,20.00 / ใบ; 20.00 / ใบ,มี,Active
'050000000082,(Sx) แผ่นห้ามเลือด (Spongostan),แผ่นห้ามเลือด,แผ่นห้ามเลือด,ชิ้น,ค่าเวชภัณฑ์ / วัสดุการแพทย์,0.0,0.0,A - Unit price,350.00 / ชิ้น; 350.00 / ชิ้น,ไม่มี,Active
'050000000083,ท่อเดรน (Penrose),Penrose,Penrose,ชิ้น,ค่าเวชภัณฑ์ / วัสดุการแพทย์,0.0,0.0,A - Unit price,50.00 / ชิ้น; 50.00 / ชิ้น,ไม่มี,Active
'050000000084,ใบมีดผ่าตัดเบอร์ 2.8 Acucut,,ใบมีดผ่าตัดเบอร์ 2.8 Acucut,อัน,ค่าเวชภัณฑ์ / วัสดุการแพทย์,0.0,0.0,A - Unit price,600.00 / อัน; 600.00 / อัน,ไม่มี,Active
'050000000085,ใบมีดผ่าตัดเบอร์ 2.3Acucut,,ใบมีดผ่าตัดเบอร์ 2.3Acucut,อัน,ค่าเวชภัณฑ์ / วัสดุการแพทย์,0.0,0.0,A - Unit price,350.00 / อัน; 350.00 / อัน,ไม่มี,Active
'050000000086,(Sx) ไหมผูกสะดือ (Silk),ไหมผูกสะดือ,ไหมผูกสะดือ,เส้น,ค่าเวชภัณฑ์ / วัสดุการแพทย์,0.0,0.0,A - Unit price,10.00 / เส้น; 10.00 / เส้น,ไม่มี,Active
'050000000088,(Sx) Nylon 2/0 (24 mm.),Nylon 2/0 (24 mm.),Nylon 2/0 (24 mm.),ซอง,ค่าเวชภัณฑ์ / วัสดุการแพทย์,0.0,0.0,A - Unit price,100.00 / ซอง; 100.00 / ซอง,ไม่มี,Active
'050000000089,(Sx) Nylon 2/0 (39 mm.),Nylon 2/0 (39 mm.),Nylon 2/0 (39 mm.),ซอง,ค่าเวชภัณฑ์ / วัสดุการแพทย์,0.0,0.0,A - Unit price,100.00 / ซอง; 100.00 / ซอง,ไม่มี,Active
'050000000090,(Sx) Nylon 3/0 (24 mm.),Nylon 3/0 (24 mm.),Nylon 3/0 (24 mm.),ซอง,ค่าเวชภัณฑ์ / วัสดุการแพทย์,0.0,0.0,A - Unit price,100.00 / ซอง; 100.00 / ซอง,ไม่มี,Active
'050000000091,(Sx) Nylon 4/0 (19 mm.),Nylon 4/0 (19 mm.),Nylon 4/0 (19 mm.),ซอง,ค่าเวชภัณฑ์ / วัสดุการแพทย์,0.0,0.0,A - Unit price,100.00 / ซอง; 100.00 / ซอง,ไม่มี,Active
'050000000094,(Sx) Catgut 1,Catgut 1,Catgut 1,ซอง,ค่าเวชภัณฑ์ / วัสดุการแพทย์,0.0,0.0,A - Unit price,120.00 / ซอง; 120.00 / ซอง,ไม่มี,Active
'050000000095,(Sx) Catgut 2/0 (26 mm.),Catgut 2/0 (26 mm.),Catgut 2/0 (26 mm.),ซอง,ค่าเวชภัณฑ์ / วัสดุการแพทย์,0.0,0.0,A - Unit price,120.00 / ซอง; 120.00 / ซอง,ไม่มี,Active
'050000000097,(Sx) Catgut 3/0 (26 mm.),Catgut 3/0 (26 mm.),Catgut 3/0 (26 mm.),ซอง,ค่าเวชภัณฑ์ / วัสดุการแพทย์,0.0,0.0,A - Unit price,120.00 / ซอง; 120.00 / ซอง,ไม่มี,Active
'050000000099,(Sx) Maxon 2/0,Maxon 2/0,Maxon 2/0,ซอง,ค่าเวชภัณฑ์ / วัสดุการแพทย์,0.0,0.0,A - Unit price,200.00 / ซอง; 200.00 / ซอง,ไม่มี,Active
'050000000100,(Sx) Maxon 3/0,Maxon 3/0,Maxon 3/0,ซอง,ค่าเวชภัณฑ์ / วัสดุการแพทย์,0.0,0.0,A - Unit price,250.00 / ซอง; 250.00 / ซอง,ไม่มี,Active
'050000000102,PGA 8/0,PGA 8/0,PGA 8/0,ซอง,ค่าเวชภัณฑ์ / วัสดุการแพทย์,0.0,0.0,A - Unit price,850.00 / ซอง; 850.00 / ซอง,ไม่มี,Active
'050000000103,Monoplus 3-0,,Monoplus 3-0,ซอง,ค่าเวชภัณฑ์ / วัสดุการแพทย์,0.0,0.0,A - Unit price,350.00 / ซอง; 350.00 / ซอง,ไม่มี,Active
'050000000104,(Sx) Monosyn 3/0 (cutting),Monosyn 3/0 (cutting),Monosyn 3/0 (cutting),ซอง,ค่าเวชภัณฑ์ / วัสดุการแพทย์,0.0,0.0,A - Unit price,300.00 / ซอง; 300.00 / ซอง,ไม่มี,Active
'050000000105,Monosyn Quick 4/0,,Monosyn Quick 4/0,ซอง,ค่าเวชภัณฑ์ / วัสดุการแพทย์,0.0,0.0,A - Unit price,200.00 / ซอง; 200.00 / ซอง,ไม่มี,Active
'050000000107,PDS 2/0,PDS 2/0,PDS 2/0,ซอง,ค่าเวชภัณฑ์ / วัสดุการแพทย์,0.0,0.0,A - Unit price,320.00 / ซอง; 320.00 / ซอง,ไม่มี,Active
'050000000108,PDS 3/0,PDS 3/0,PDS 3/0,ซอง,ค่าเวชภัณฑ์ / วัสดุการแพทย์,0.0,0.0,A - Unit price,400.00 / ซอง; 400.00 / ซอง,ไม่มี,Active
'050000000115,(Sx) หมวกผ่าตัด,หมวกผ่าตัด,หมวกผ่าตัด,ชิ้น,ค่าเวชภัณฑ์ / วัสดุการแพทย์,0.0,0.0,A - Unit price,5.00 / ชิ้น; 5.00 / ชิ้น,ไม่มี,Active
'050000000116,(Sx) Mask (แบบคล้องหู),Mask (แบบคล้องหู),Mask (แบบคล้องหู),ชิ้น,ค่าเวชภัณฑ์ / วัสดุการแพทย์,0.0,0.0,A - Unit price,5.00 / ชิ้น; 5.00 / ชิ้น,ไม่มี,Active
'050000000117,(Sx) ถุงมือผ่าตัดปลอดเชื้อเบอร์ 6.5,ถุงมือผ่าตัดปลอดเชื้อเบอร์ 6.5,ถุงมือผ่าตัดปลอดเชื้อเบอร์ 6.5,คู่,ค่าเวชภัณฑ์ / วัสดุการแพทย์,0.0,0.0,A - Unit price,50.00 / คู่; 50.00 / คู่,ไม่มี,Active
'050000000118,(Sx) ถุงมือผ่าตัดปลอดเชื้อเบอร์ 7.5,ถุงมือผ่าตัดปลอดเชื้อเบอร์ 7.5,ถุงมือผ่าตัดปลอดเชื้อเบอร์ 7.5,คู่,ค่าเวชภัณฑ์ / วัสดุการแพทย์,0.0,0.0,A - Unit price,50.00 / คู่; 50.00 / คู่,ไม่มี,Active
'050000000128,Endotracheal tubes with cuff,Endotracheal tubes with cuff,Endotracheal tubes with cuff,เส้น,ค่าเวชภัณฑ์ / วัสดุการแพทย์,0.0,0.0,A - Unit price,60.00 / เส้น; 60.00 / เส้น,ไม่มี,Active
'050000000131,Dextrose 5% in 1/2 Str.Saline 1000 ml (D 5 1/2 s 1000 ml),D 5 1/2 s 1000 ml,D 5 1/2 s 1000 ml,ขวด,ค่ายาฉีด / สารน้ำ,0,0,A - Unit price,150.00 / ขวด,ไม่มี,Active
'050000000132,Saline Irrigate 500 ml (น้ำเกลือล้างแผล),Saline Irrigate 500 ml (น้ำเกลือล้างแผล),Saline Irrigate 500 ml (น้ำเกลือล้างแผล),ขวด,ค่ายานำกลับ,0,0,A - Unit price,75.00 / ขวด,มี,Active
'050000000133,Lcatate Ringer's 1000 ml (LRI 1000 ml),Lcatate Ringer's 1000 ml (LRI 1000 ml),Lcatate Ringer's 1000 ml (LRI 1000 ml),ขวด,ค่ายาฉีด / สารน้ำ,0,0,B - Range price,0.01-300 = 80.00; 300.01-500 = 100.00; 500.01-800 = 120.00; 800.01-1000 = 150.00,ไม่มี,Active
'050000000136,Normal Saline 0.9% 100 ml (NSS ขวดละ 100 ml),NSS 100 ml,NSS 100 ml,ขวด,ค่ายาฉีด / สารน้ำ,0,0,A - Unit price,100.00 / ขวด,ไม่มี,Active
'050000000137,Normal Saline 0.9% 500 ml (NSS ขวดละ 500 ml),NSS 500 ml,NSS 500 ml,ขวด,ค่ายาฉีด / สารน้ำ,0,0,A - Unit price,120.00 / ขวด,ไม่มี,Active
'050000000138,Normal Saline 0.9% 1000 ml (NSS ขวดละ 1000 ml),NSS 1000 ml,NSS 1000 ml,ขวด,ค่ายาฉีด / สารน้ำ,0,0,A - Unit price,150.00 / ขวด,ไม่มี,Active
'050000000139,Normal Saline 0.9% 500 ml (NSS 500 ml) *ขายกลับบ้าน*,NSS 500 ml,NSS 500 ml(จ่ายกลับบ้าน),ขวด,ค่ายานำกลับ,0,0,A - Unit price,70.00 / ขวด,มี,Active
'050000000140,Normal Saline 0.9% 1000 ml (NSS 1000 ml) *ขายกลับบ้าน*,NSS 1000 ml,NSS 1000 ml(จ่ายกลับบ้าน),ขวด,ค่ายานำกลับ,0,0,A - Unit price,100.00 / ขวด,มี,Active
'050000000141,Acetated Ringer's 500 ml (Acetar 500 ml)*ใช้ในห้องตรวจ**,R-Cetate 500 ml,R-Cetate 500 ml,ขวด,ค่ายาฉีด / สารน้ำ,0,0,A - Unit price,120.00 / ขวด,ไม่มี,Active
'050000000142,Acetated Ringer's 1000 ml (R-Cetate 1000 ml) (Acetar 1000 ml),R-Cetate 1000 ml,R-Cetate 1000 ml,ขวด,ค่ายาฉีด / สารน้ำ,0,0,A - Unit price,150.00 / ขวด,ไม่มี,Active
'050000000143,Acetated Ringer's 500 ml (Acetar 500 ml) *ขายกลับบ้าน*,R-Cetate 500 ml,R-Cetate 500 ml(จ่ายกลับบ้าน),ขวด,ค่ายานำกลับ,0,0,A - Unit price,70.00 / ขวด,มี,Active
'050000000144,Acetate Ringer's 1000 ml (Acetar 1000 ml) *ขายกลับบ้าน*,R-Cetate 1000 ml,R-Cetate 1000 ml/*ขายกลับบ้าน*,ขวด,ค่ายานำกลับ,0,0,A - Unit price,100.00 / ขวด,มี,Active
'050000000146,Dextrose 5% in Acetated Ringer's 1000 ml  (Acetar-5 1000 ml),R-Cetate-5 1000 ml (Actear -5),R-Cetate-5 1000 ml (Actear -5),ขวด,ค่ายาฉีด / สารน้ำ,0,0,A - Unit price,150.00 / ขวด,ไม่มี,Active
'050000000147,Irrigation 1000 ml (Saline Irrigate 1000 ml) สำหรับล้างท้อง,Saline Irrigate 1000 ml สำหรับล้างท้อง,Saline Irrigate 1000 ml,ขวด,ค่ายาฉีด / สารน้ำ,0,0,A - Unit price,100.00 / ขวด,ไม่มี,Active
'050000000149,Nylon 0-0 (39mm),Nylon 0-0 (39mm),Nylon 0-0 (39mm),ห่อ,ค่าเวชภัณฑ์ / วัสดุการแพทย์,0.0,0.0,A - Unit price,100.00 / ห่อ; 100.00 / ห่อ,ไม่มี,Active
'050000000150,Maxon 6/0,Maxon 6/0,Maxon 6/0,ห่อ,ค่าเวชภัณฑ์ / วัสดุการแพทย์,0.0,0.0,A - Unit price,400.00 / ห่อ; 400.00 / ห่อ,ไม่มี,Active
'050000000151,ถุงมือผ่าตัดปลอดเฃื้อ เบอร์ 7,ถุงมือผ่าตัดปลอดเฃื้อ เบอร์ 7,ถุงมือผ่าตัดปลอดเฃื้อ เบอร์ 7,คู่,ค่าเวชภัณฑ์ / วัสดุการแพทย์,0.0,0.0,A - Unit price,50.00 / คู่; 50.00 / คู่,ไม่มี,Active
'050000000152,ถุงมือผ่าตัดปลอดเชื้อ เบอร์ 6.5 ไม่มีแป้ง,ถุงมือผ่าตัดปลอดเชื้อ เบอร์ 6.5 ไม่มีแป้ง,ถุงมือผ่าตัดปลอดเชื้อ เบอร์ 6.5 ไม่มีแป้ง,คู่,ค่าเวชภัณฑ์ / วัสดุการแพทย์,0.0,0.0,A - Unit price,100.00 / คู่; 100.00 / คู่,ไม่มี,Active
'050000000153,เข็มผีเสื้อ เบอร์ 18 (ชมพู) Scalp(butterfly) vein No.18,เข็มผีเสื้อ เบอร์ 18 (ชมพู) Scalp vein No.18,เข็มผีเสื้อ เบอร์ 18 (ชมพู) Scalp vein No.18,อัน,ค่าเวชภัณฑ์ / วัสดุการแพทย์,0.0,0.0,A - Unit price,30.00 / อัน; 30.00 / อัน,ไม่มี,Active
'050000000154,เข็มผีเสื้อ เบอร์ 24 (ม่วง) Scalp vein(butterfly) No. 24,เข็มผีเสื้อ เบอร์ 24 (ม่วง) Scalp vein No. 24,เข็มผีเสื้อ เบอร์ 24 (ม่วง) Scalp vein No. 24,อัน,ค่าเวชภัณฑ์ / วัสดุการแพทย์,0.0,0.0,A - Unit price,30.00 / อัน; 30.00 / อัน,ไม่มี,Active
'050000000156,กระปุกใส เบอร์ 3 เล็ก,กระปุกใส เบอร์ 3 เล็ก,กระปุกใส เบอร์ 3 เล็ก,ใบ,ค่าเวชภัณฑ์ / วัสดุการแพทย์,0.0,0.0,A - Unit price,20.00 / ใบ; 20.00 / ใบ,มี,Active
'050000000157,NSS for s/c,NSS for s/c,NSS for s/c,ซีซี,ค่ายาฉีด / สารน้ำ,0,0,B - Range price,0.01-200 = 120.00; 200.01-500 = 150.00; 500.01-700 = 180.00; 700.01-1000 = 200.00,ไม่มี,Active
'050000000158,Acetar for s/c,Acetar for s/c,Acetar for s/c,ซีซี,ค่ายาฉีด / สารน้ำ,0,0,B - Range price,0.01-200 = 120.00; 200.01-500 = 150.00; 500.01-700 = 180.00; 700.01-1000 = 200.00,ไม่มี,Active
'050000000159,วิตามินบำรุงในน้ำเกลือ(metabolase+biocat) ตามน้ำหนักตัว,วิตามินบำรุงในน้ำเกลือ(metabolase+biocat) ตามน้ำหนักตัว,วิตามินบำรุงในน้ำเกลือ(metabolase+biocat) ตามน้ำหนักตัว,กิโลกรัม,ค่ายาฉีด / สารน้ำ,0,0,B - Range price,0.01-10 = 30.00; 10.01-20 = 50.00; 20.01-80 = 70.00,ไม่มี,Active
'050000000160,เข็มผีเสื้อ เบอร์ 23 (สีฟ้า) Scalp vein(butterfly) No.23,Scalp vein(butterfly) No.23,Scalp vein(butterfly) No.23 (สีฟ้า),อัน,ค่าเวชภัณฑ์ / วัสดุการแพทย์,0.0,0.0,A - Unit price,30.00 / อัน; 30.00 / อัน,ไม่มี,Active
'050000000161,"เข็มฉีดยา เบอร์ 27x1/2"" (เทา) Needle No.27x1""","Needle No.27x1/2""","Needle No.27x1/2""",ชิ้น,ค่าเวชภัณฑ์ / วัสดุการแพทย์,0.0,0.0,A - Unit price,2.00 / ชิ้น; 2.00 / ชิ้น,มี,Active
'050000000163,ถุงปัสสาวะ (urine bag),ถุงปัสสาวะ (urine bag),ถุงปัสสาวะ (urine bag),ถุง,ค่าเวชภัณฑ์ / วัสดุการแพทย์,0.0,0.0,A - Unit price,50.00 / ถุง; 50.00 / ถุง,ไม่มี,Active
'050000000164,CD x-ray/DVD สำหรับเก็บภาพเอ็กซ์เรย์,CD/DVD สำหรับเก็บภาพเอ็กซ์เรย์,CD x-ray,แผ่น,ค่าบริการทางการแพทย์,0.0,0.0,A - Unit price,50.00 / แผ่น; 50.00 / แผ่น,ไม่มี,Active
'050000000165,ไซริงค์ 50 ซีซี (Syringe 50 ml) ป้อนอาหาร,ไซริงค์ 50 ซีซี (Syringe 50 ml) ป้อนอาหาร,ไซริงค์ 50 ซีซี (Syringe 50 ml) ป้อนอาหาร,อัน,ค่าเวชภัณฑ์ / วัสดุการแพทย์,0.0,0.0,A - Unit price,50.00 / อัน; 50.00 / อัน,มี,Active
'050000000166,วัสดุทางการแพทย์,,,บาท,ค่าเวชภัณฑ์ / วัสดุการแพทย์,0.0,0.0,A - Unit price,1.00 / บาท; 1.00 / บาท,ไม่มี,Active
'050000000167,ขายยกขวด Dextrose 5% in Str.water 1000 ml (D5W 1000 ml),(Tx) ขายยกขวด Dextrose 5% in Str.water 1000 ml (D5W 1000 ml),(Tx) ขายยกขวด Dextrose 5% in Str.water 1000 ml (D5W 1000 ml),ขวด,ค่ายาฉีด / สารน้ำ,0,0,A - Unit price,150.00 / ขวด,ไม่มี,Active
'050000000168,(Sx) Premilene 1/0,Premilene 1/0,Premilene 1/0,ซอง,ค่าเวชภัณฑ์ / วัสดุการแพทย์,0.0,0.0,A - Unit price,300.00 / ซอง; 300.00 / ซอง,ไม่มี,Active
'050000000169,"สายต่อน้ำเกลือ 18 นิ้ว (Extension 18"")","สายต่อน้ำเกลือ 18 นิ้ว (Extension 18"")","สายต่อน้ำเกลือ 18 นิ้ว (Extension 18"")",อัน,ค่าเวชภัณฑ์ / วัสดุการแพทย์,0.0,0.0,A - Unit price,15.00 / อัน; 15.00 / อัน,ไม่มี,Active
'050000000170,abdominal gauze 12x12,abdominal gauze 12x12,abdominal gauze 12x12,แผ่น,ค่าเวชภัณฑ์ / วัสดุการแพทย์,0.0,0.0,A - Unit price,60.00 / แผ่น; 60.00 / แผ่น,ไม่มี,Active
'050000000171,Tx:Amioplasmal 500 ml.(parenteral amino acid),Tx:Amioplasmal 500 ml.(parenteral amino acid),Tx:Amioplasmal 500 ml.(parenteral amino acid),ขวด,ค่ายาฉีด / สารน้ำ,0,0,A - Unit price,800.00 / ขวด,ไม่มี,Active
'050000000172,ค่าค้ำประกันเตียงผ่าตัด,,,บาท,อื่นๆ,0.0,0.0,A - Unit price,1.00 / บาท; 1.00 / บาท,ไม่มี,Active
'050000000174,Bluribbon1cmx20cm,Bluribbon,Bluribbon,แผ่น,ค่าเวชภัณฑ์ / วัสดุการแพทย์,0.0,0.0,A - Unit price,160.00 / แผ่น; 160.00 / แผ่น,มี,Active
'050000000175,ii care(Lutein) วิตามินบำรุงสายตา,ii care(Lutein) วิตามินบำรุงสายตา,ii care(Lutein) วิตามินบำรุงสายตา,เม็ด,ค่ายานำกลับ,0,0,A - Unit price,15.00 / เม็ด,มี,Active
'050000000176,Therasorb  (แผ่นดูดซับหนอง),Therasorb  (แผ่นดูดซับหนอง),Therasorb  (แผ่นดูดซับหนอง),แผ่น,ค่ายานำกลับ,0,0,A - Unit price,120.00 / แผ่น,มี,Active
'050000000177,Monoplus 4-0,Monoplus 4-0,Monoplus 4-0,ซอง,ค่าเวชภัณฑ์ / วัสดุการแพทย์,0.0,0.0,A - Unit price,350.00 / ซอง; 350.00 / ซอง,ไม่มี,Active
'050000000178,Monoplus 5-0,Monoplus 5-0,Monoplus 5-0,ซอง,ค่าเวชภัณฑ์ / วัสดุการแพทย์,0.0,0.0,A - Unit price,350.00 / ซอง; 350.00 / ซอง,ไม่มี,Active
'050000000179,bone sponge,bone sponge,bone sponge,ชิ้น,ค่าเวชภัณฑ์ / วัสดุการแพทย์,0.0,0.0,A - Unit price,200.00 / ชิ้น; 200.00 / ชิ้น,ไม่มี,Active
'050000000181,Locking Screw M Thina,Locking Screw M Thina,Locking Screw M Thina,ตัว,ค่าเวชภัณฑ์ / วัสดุการแพทย์,0.0,0.0,A - Unit price,410.00 / ตัว; 410.00 / ตัว,ไม่มี,Active
'050000000182,Locking Screw S Thina,Locking Screw S Thina,Locking Screw S Thina,ตัว,ค่าเวชภัณฑ์ / วัสดุการแพทย์,0.0,0.0,A - Unit price,410.00 / ตัว; 410.00 / ตัว,ไม่มี,Active
'050000000183,Plate VS 1.5/2.0,Plate VS 1.5/2.0,Plate VS 1.5/2.0,แผ่น,ค่าเวชภัณฑ์ / วัสดุการแพทย์,0.0,0.0,A - Unit price,"4,000.00 / แผ่น; 4,000.00 / แผ่น",ไม่มี,Active
'050000000184,bone cement,bone cement,bone cement,ขวด,ค่าเวชภัณฑ์ / วัสดุการแพทย์,0.0,0.0,A - Unit price,"2,500.00 / ขวด; 2,500.00 / ขวด",ไม่มี,Active
'050000000185,Cortical Screw  M Thina,Cortical Screw  M Thina,Cortical Screw  M Thina,ตัว,ค่าเวชภัณฑ์ / วัสดุการแพทย์,0.0,0.0,A - Unit price,300.00 / ตัว; 300.00 / ตัว,ไม่มี,Active
'050000000186,Cortical Screw  L Thina,Cortical Screw  L Thina,Cortical Screw  L Thina,ตัว,ค่าเวชภัณฑ์ / วัสดุการแพทย์,0.0,0.0,A - Unit price,300.00 / ตัว; 300.00 / ตัว,ไม่มี,Active
'050000000187,Cortical Screw 1.5 Arix,Cortical Screw 1.5 Arix,Cortical Screw 1.5 Arix,ตัว,ค่าเวชภัณฑ์ / วัสดุการแพทย์,0.0,0.0,A - Unit price,580.00 / ตัว; 580.00 / ตัว,ไม่มี,Active
'050000000188,Cortical Screw 2.0 Arix,Cortical Screw 2.0 Arix,Cortical Screw 2.0 Arix,ตัว,ค่าเวชภัณฑ์ / วัสดุการแพทย์,0.0,0.0,A - Unit price,650.00 / ตัว; 650.00 / ตัว,ไม่มี,Active
'050000000189,Cortical Screw 2.4 Arix,Cortical Screw 2.4 Arix,Cortical Screw 2.4 Arix,ตัว,ค่าเวชภัณฑ์ / วัสดุการแพทย์,0.0,0.0,A - Unit price,790.00 / ตัว; 790.00 / ตัว,ไม่มี,Active
'050000000190,Cortical Screw 2.7 Arix,Cortical Screw 2.7 Arix,Cortical Screw 2.7 Arix,ตัว,ค่าเวชภัณฑ์ / วัสดุการแพทย์,0.0,0.0,A - Unit price,790.00 / ตัว; 790.00 / ตัว,ไม่มี,Active
'050000000191,Cortical Screw 2.7 ปกรภัณฑ์,Cortical Screw 2.7 ปกรภัณฑ์,Cortical Screw 2.7 ปกรภัณฑ์,ตัว,ค่าเวชภัณฑ์ / วัสดุการแพทย์,0.0,0.0,A - Unit price,350.00 / ตัว,ไม่มี,Active
'050000000192,Locking Screw 2.0 Arix,Locking Screw 2.0 Arix,Locking Screw 2.0 Arix,ตัว,ค่าเวชภัณฑ์ / วัสดุการแพทย์,0.0,0.0,A - Unit price,690.00 / ตัว; 690.00 / ตัว,ไม่มี,Active
'050000000193,Locking Screw 2.4 Arix,Locking Screw 2.4 Arix,Locking Screw 2.4 Arix,ตัว,ค่าเวชภัณฑ์ / วัสดุการแพทย์,0.0,0.0,A - Unit price,840.00 / ตัว; 840.00 / ตัว,ไม่มี,Active
'050000000194,Cortical Screw 3.5 Arix,Cortical Screw 3.5 Arix,Cortical Screw 3.5 Arix,ตัว,ค่าเวชภัณฑ์ / วัสดุการแพทย์,0.0,0.0,A - Unit price,910.00 / ตัว; 910.00 / ตัว,ไม่มี,Active
'050000000195,Cortical Screw 3.5 ปกรภัณฑ์,Cortical Screw 3.5 ปกรภัณฑ์,Cortical Screw 3.5 ปกรภัณฑ์,ตัว,ค่าเวชภัณฑ์ / วัสดุการแพทย์,0.0,0.0,A - Unit price,430.00 / ตัว,ไม่มี,Active
'050000000196,Locking Screw 2.7 Arix,Locking Screw 2.7 Arix,Locking Screw 2.7 Arix,ตัว,ค่าเวชภัณฑ์ / วัสดุการแพทย์,0.0,0.0,A - Unit price,860.00 / ตัว; 860.00 / ตัว,ไม่มี,Active
'050000000197,Locking Screw 3.5 Arix,Locking Screw 3.5 Arix,Locking Screw 3.5 Arix,ตัว,ค่าเวชภัณฑ์ / วัสดุการแพทย์,0.0,0.0,A - Unit price,980.00 / ตัว; 980.00 / ตัว,ไม่มี,Active
'050000000198,Screw  VS 1.5/2.0,Screw  VS 1.5/2.0,Screw  VS 1.5/2.0,ตัว,ค่าเวชภัณฑ์ / วัสดุการแพทย์,0.0,0.0,A - Unit price,300.00 / ตัว; 300.00 / ตัว,ไม่มี,Active
'050000000199,Screw  VS 2.4,Screw  VS 2.4,Screw  VS 2.4,ตัว,ค่าเวชภัณฑ์ / วัสดุการแพทย์,0.0,0.0,A - Unit price,300.00 / ตัว; 300.00 / ตัว,ไม่มี,Active
'050000000200,Screw  VS 2.7,Screw  VS 2.7,Screw  VS 2.7,ตัว,ค่าเวชภัณฑ์ / วัสดุการแพทย์,0.0,0.0,A - Unit price,300.00 / ตัว; 300.00 / ตัว,ไม่มี,Active
'050000000201,Screw  VS 3.5,Screw  VS 3.5,Screw  VS3.5,ตัว,ค่าเวชภัณฑ์ / วัสดุการแพทย์,0.0,0.0,A - Unit price,300.00 / ตัว; 300.00 / ตัว,ไม่มี,Active
'050000000203,Plate VS 2.4,Plate VS 2.4,Plate VS 2.4,แผ่น,ค่าเวชภัณฑ์ / วัสดุการแพทย์,0.0,0.0,A - Unit price,"4,000.00 / แผ่น; 4,000.00 / แผ่น",ไม่มี,Active
'050000000204,Locking Screw L Thina,Locking Screw L Thina,Locking Screw L Thina,ตัว,ค่าเวชภัณฑ์ / วัสดุการแพทย์,0.0,0.0,A - Unit price,410.00 / ตัว; 410.00 / ตัว,ไม่มี,Active
'050000000205,Locking Screw 1.2 Arix,Locking Screw 1.2 Arix,Locking Screw 1.2 Arix,ตัว,ค่าเวชภัณฑ์ / วัสดุการแพทย์,0.0,0.0,A - Unit price,560.00 / ตัว; 560.00 / ตัว,ไม่มี,Active
'050000000206,Locking Screw 1.5 Arix,Locking Screw 1.5 Arix,Locking Screw 1.5 Arix,ตัว,ค่าเวชภัณฑ์ / วัสดุการแพทย์,0.0,0.0,A - Unit price,620.00 / ตัว; 620.00 / ตัว,ไม่มี,Active
'050000000207,Cortical Screw 1.2 Arix,Cortical Screw 1.2 Arix,Cortical Screw 1.2 Arix,ตัว,ค่าเวชภัณฑ์ / วัสดุการแพทย์,0.0,0.0,A - Unit price,530.00 / ตัว; 530.00 / ตัว,ไม่มี,Active
'050000000208,Cortical Screw 2.0 ปกรภัณฑ์,Cortical Screw 2.0 ปกรภัณฑ์,Cortical Screw 2.0 ปกรภัณฑ์,ตัว,ค่าเวชภัณฑ์ / วัสดุการแพทย์,0.0,0.0,A - Unit price,520.00 / ตัว,ไม่มี,Active
'050000000209,Cortical Screw  S Thina,Cortical Screw  S Thina,Cortical Screw  S Thina,ตัว,ค่าเวชภัณฑ์ / วัสดุการแพทย์,0.0,0.0,A - Unit price,300.00 / ตัว; 300.00 / ตัว,ไม่มี,Active
'050000000210,Bone Plate L Thina,Bone Plate L Thina,Bone Plate l Thina,แผ่น,ค่าเวชภัณฑ์ / วัสดุการแพทย์,0.0,0.0,A - Unit price,"7,100.00 / แผ่น; 7,100.00 / แผ่น",ไม่มี,Active
'050000000211,Bone Plate 1.2 Arix,Bone Plate 1.2 Arix,Bone Plate 1.2 Arix,แผ่น,ค่าเวชภัณฑ์ / วัสดุการแพทย์,0.0,0.0,A - Unit price,"5,500.00 / แผ่น; 5,500.00 / แผ่น",ไม่มี,Active
'050000000212,Bone Plate 1.5 Arix,Bone Plate 1.5 Arix,Bone Plate 1.5 Arix,แผ่น,ค่าเวชภัณฑ์ / วัสดุการแพทย์,0.0,0.0,A - Unit price,"5,500.00 / แผ่น; 5,500.00 / แผ่น",ไม่มี,Active
'050000000213,Bone Plate 2.0 Arix,Bone Plate 2.0 Arix,Bone Plate 2.0 Arix,แผ่น,ค่าเวชภัณฑ์ / วัสดุการแพทย์,0.0,0.0,A - Unit price,"5,500.00 / แผ่น; 5,500.00 / แผ่น",ไม่มี,Active
'050000000214,Bone Plate S Thina,Bone Plate S Thina,Bone Plate S Thina,แผ่น,ค่าเวชภัณฑ์ / วัสดุการแพทย์,0.0,0.0,A - Unit price,"7,100.00 / แผ่น; 7,100.00 / แผ่น",ไม่มี,Active
'050000000215,Bone Plate M Thina,Bone Plate M Thina,Bone Plate M Thina,แผ่น,ค่าเวชภัณฑ์ / วัสดุการแพทย์,0.0,0.0,A - Unit price,"7,100.00 / แผ่น; 7,100.00 / แผ่น",ไม่มี,Active
'050000000216,Bone Plate 3.5 Arix,Bone Plate 3.5 Arix,Bone Plate 3.5 Arix,แผ่น,ค่าเวชภัณฑ์ / วัสดุการแพทย์,0.0,0.0,A - Unit price,"7,900.00 / แผ่น; 7,900.00 / แผ่น",ไม่มี,Active
'050000000217,Bone Graft,Bone Graft,Bone Graft,ครั้ง,ค่าเวชภัณฑ์ / วัสดุการแพทย์,0.0,0.0,A - Unit price,"2,000.00 / ครั้ง; 2,000.00 / ครั้ง",ไม่มี,Active
'050000000218,Plate VS 2.7,Plate VS 2.7,Plate VS 2.7,แผ่น,ค่าเวชภัณฑ์ / วัสดุการแพทย์,0.0,0.0,A - Unit price,"4,000.00 / แผ่น; 4,000.00 / แผ่น",ไม่มี,Active
'050000000219,Plate VS 3.5,Plate VS 3.5,Plate VS 3.5,แผ่น,ค่าเวชภัณฑ์ / วัสดุการแพทย์,0.0,0.0,A - Unit price,"4,000.00 / แผ่น; 4,000.00 / แผ่น",ไม่มี,Active
'050000000220,Bone Plate 2.4 Arix,Bone Plate 2.4 Arix,Bone Plate 2.4 Arix,แผ่น,ค่าเวชภัณฑ์ / วัสดุการแพทย์,0.0,0.0,A - Unit price,"6,100.00 / แผ่น; 6,100.00 / แผ่น",ไม่มี,Active
'050000000221,Bone Plate 2.7 Arix,Bone Plate 2.7 Arix,Bone Plate 2.7 Arix,แผ่น,ค่าเวชภัณฑ์ / วัสดุการแพทย์,0.0,0.0,A - Unit price,"6,100.00 / แผ่น; 6,100.00 / แผ่น",ไม่มี,Active
'050000000222,Lipase,Lipase,Lipase,ตัวอย่าง,ค่าตรวจทางห้องปฎิบัติการ,0,0,A - Unit price,300.00 / ตัวอย่าง,ไม่มี,Active
'050000000223,เสื้อหลังผ่าตัด 2XL,เสื้อหลังผ่าตัด 2XL,เสื้อหลังผ่าตัด 2XL,ตัว,ค่าเวชภัณฑ์ / วัสดุการแพทย์,0.0,0.0,A - Unit price,230.00 / ตัว; 230.00 / ตัว,ไม่มี,Active
'050000000224,เสื้อหลังผ่าตัด 3XL,เสื้อหลังผ่าตัด 3XL,เสื้อหลังผ่าตัด 3XL,ตัว,ค่าเวชภัณฑ์ / วัสดุการแพทย์,0.0,0.0,A - Unit price,240.00 / ตัว; 240.00 / ตัว,ไม่มี,Active
'050000000225,Plate ปกรภัณฑ์,Plate ปกรภัณฑ์,Plate ปกรภัณฑ์,แผ่น,ค่าเวชภัณฑ์ / วัสดุการแพทย์,0.0,0.0,A - Unit price,"3,000.00 / แผ่น",ไม่มี,Active
'050000000226,Ligasure (3000),Erbe,Erbe,ครั้ง,ค่าหัตถการ,0.0,0.0,A - Unit price,"3,000.00 / ครั้ง",ไม่มี,Active
'050000000227,Covidien (1000),Covidien,Covidien,ครั้ง,ค่าหัตถการ,0.0,0.0,A - Unit price,"1,000.00 / ครั้ง",ไม่มี,Active
'050000000228,เครื่องจี้ตัด Erbe (500),เครื่องจี้ตัด Erbe,เครื่องจี้ตัด Erbe,ครั้ง,ค่าหัตถการ,0.0,0.0,A - Unit price,500.00 / ครั้ง,ไม่มี,Active
'060000000001,CBC,CBC,CBC,ตัวอย่าง,ค่าตรวจทางห้องปฎิบัติการ,0,0,A - Unit price,200.00 / ตัวอย่าง,ไม่มี,Active
'060000000002,Agglutination,Agglutination,Agglutination,ตัวอย่าง,ค่าตรวจทางห้องปฎิบัติการ,0,0,A - Unit price,20.00 / ตัวอย่าง,ไม่มี,Active
'060000000003,Reticulocyte,Reticulocyte,Reticulocyte,ตัวอย่าง,ค่าตรวจทางห้องปฎิบัติการ,0,0,A - Unit price,50.00 / ตัวอย่าง,ไม่มี,Active
'060000000004,Fibrinogen,Fibrinogen,Fibrinogen,ตัวอย่าง,ค่าตรวจทางห้องปฎิบัติการ,0,0,A - Unit price,50.00 / ตัวอย่าง,ไม่มี,Active
'060000000005,Crossmatching,Crossmatching,Crossmatching,ตัวอย่าง,ค่าตรวจทางห้องปฎิบัติการ,0,0,A - Unit price,150.00 / ตัวอย่าง,ไม่มี,Active
'060000000006,BUN,BUN,BUN,ตัวอย่าง,ค่าตรวจทางห้องปฎิบัติการ,0,0,A - Unit price,70.00 / ตัวอย่าง,ไม่มี,Active
'060000000007,Creatinine,Creatinine,Creatinine,ตัวอย่าง,ค่าตรวจทางห้องปฎิบัติการ,0,0,A - Unit price,70.00 / ตัวอย่าง,ไม่มี,Active
'060000000008,Glucose,Glucose,Glucose,ตัวอย่าง,ค่าตรวจทางห้องปฎิบัติการ,0,0,A - Unit price,50.00 / ตัวอย่าง,ไม่มี,Active
'060000000009,Amylase,Amylase,Amylase,ตัวอย่าง,ค่าตรวจทางห้องปฎิบัติการ,0,0,A - Unit price,200.00 / ตัวอย่าง,ไม่มี,Active
'060000000011,AST (SGOT),AST (SGOT),AST (SGOT),ตัวอย่าง,ค่าตรวจทางห้องปฎิบัติการ,0,0,A - Unit price,70.00 / ตัวอย่าง,ไม่มี,Active
'060000000012,ALK. Phos,ALK. Phos,ALK. Phos,ตัวอย่าง,ค่าตรวจทางห้องปฎิบัติการ,0,0,A - Unit price,70.00 / ตัวอย่าง,ไม่มี,Active
'060000000013,Total bilirubin,Total bilirubin,Total bilirubin,ตัวอย่าง,ค่าตรวจทางห้องปฎิบัติการ,0,0,A - Unit price,50.00 / ตัวอย่าง,ไม่มี,Active
'060000000014,Direct bilirubin,Direct bilirubin,Direct bilirubin,ตัวอย่าง,ค่าตรวจทางห้องปฎิบัติการ,0,0,A - Unit price,50.00 / ตัวอย่าง,ไม่มี,Active
'060000000015,Indirect bilirubin,Indirect bilirubin,Indirect bilirubin,ตัวอย่าง,ค่าตรวจทางห้องปฎิบัติการ,0,0,A - Unit price,50.00 / ตัวอย่าง,ไม่มี,Active
'060000000016,Cholesterol,Cholesterol,Chrolesterol,ตัวอย่าง,ค่าตรวจทางห้องปฎิบัติการ,0,0,A - Unit price,50.00 / ตัวอย่าง,ไม่มี,Active
'060000000017,Trigrycerides,,Trigrycerides,ตัวอย่าง,ค่าตรวจทางห้องปฎิบัติการ,0,0,A - Unit price,150.00 / ตัวอย่าง,ไม่มี,Active
'060000000018,Protien,Protien,Protien,ตัวอย่าง,ค่าตรวจทางห้องปฎิบัติการ,0,0,A - Unit price,70.00 / ตัวอย่าง,ไม่มี,Active
'060000000019,Albumin,Albumin,Albumin,ตัวอย่าง,ค่าตรวจทางห้องปฎิบัติการ,0,0,A - Unit price,70.00 / ตัวอย่าง,ไม่มี,Active
'060000000020,Electrolyte,Electrolyte,Electrolyte,ตัวอย่าง,ค่าตรวจทางห้องปฎิบัติการ,0,0,A - Unit price,350.00 / ตัวอย่าง,ไม่มี,Active
'060000000021,Urinalysis,Urinalysis,Urinalysis,ตัวอย่าง,ค่าตรวจทางห้องปฎิบัติการ,0,0,A - Unit price,120.00 / ตัวอย่าง,ไม่มี,Active
'060000000022,Hormone T3,Hormone T3,Hormone T3,ตัวอย่าง,ค่าตรวจทางห้องปฎิบัติการ,0,0,A - Unit price,200.00 / ตัวอย่าง,ไม่มี,Active
'060000000024,Hormone T4,Hormone T4,Hormone T4,ตัวอย่าง,ค่าตรวจศูนย์ชันสูตรบางเขน,0.0,0.0,A - Unit price,250.00 / ตัวอย่าง; 250.00 / ตัวอย่าง,ไม่มี,Active
'060000000025,Hormone Free T4,Hormone Free T4,Hormone Free T4,ตัวอย่าง,ค่าตรวจทางห้องปฎิบัติการ,0.0,0.0,A - Unit price,250.00 / ตัวอย่าง; 250.00 / ตัวอย่าง,ไม่มี,Active
'060000000026,Hormone TSH,Hormone TSH,Hormone TSH,ตัวอย่าง,ค่าตรวจศูนย์ชันสูตรบางเขน,0.0,0.0,A - Unit price,250.00 / ตัวอย่าง; 250.00 / ตัวอย่าง,ไม่มี,Active
'060000000027,Hormone Cortisol,Hormone Cortisol,Hormone Cortisol,ตัวอย่าง,ค่าตรวจศูนย์ชันสูตรบางเขน,0.0,0.0,A - Unit price,400.00 / ตัวอย่าง; 400.00 / ตัวอย่าง,ไม่มี,Active
'060000000028,Hormone Progesterone,Hormone Progesterone,Hormone Progesterone,ตัวอย่าง,ค่าตรวจทางห้องปฎิบัติการ,0,0,A - Unit price,600.00 / ตัวอย่าง,ไม่มี,Active
'060000000029,Hormone Testosterone,Hormone Testosterone,Hormone Testosterone,ตัวอย่าง,ค่าตรวจทางห้องปฎิบัติการ,0,0,A - Unit price,450.00 / ตัวอย่าง,ไม่มี,Active
'060000000030,Serum Phenobabital,Serum Phenobabital,Serum Phenobabital,ตัวอย่าง,ค่าตรวจทางห้องปฎิบัติการ,0,0,A - Unit price,600.00 / ตัวอย่าง,ไม่มี,Active
'060000000031,Fructosamia,,Fructosamia,ตัวอย่าง,ค่าตรวจทางห้องปฎิบัติการ,0,0,A - Unit price,300.00 / ตัวอย่าง,ไม่มี,Active
'060000000032,Calcium,Calcium,Calcium,ตัวอย่าง,ค่าตรวจทางห้องปฎิบัติการ,0,0,A - Unit price,70.00 / ตัวอย่าง,ไม่มี,Active
'060000000033,Phosphorus,Phosphorus,Phosphorus,ตัวอย่าง,ค่าตรวจทางห้องปฎิบัติการ,0,0,A - Unit price,70.00 / ตัวอย่าง,ไม่มี,Active
'060000000035,Chloride,Chloride,Chloride,ตัวอย่าง,ค่าตรวจทางห้องปฎิบัติการ,0,0,A - Unit price,100.00 / ตัวอย่าง,ไม่มี,Active
'060000000036,Brucellosis,Brucellosis,Brucellosis,ตัวอย่าง,ค่าตรวจทางห้องปฎิบัติการ,0,0,A - Unit price,200.00 / ตัวอย่าง,ไม่มี,Active
'060000000038,Glucose strip,Glucose strip,Glucose strip,ตัวอย่าง,ค่าเวชภัณฑ์ / วัสดุการแพทย์,0.0,0.0,A - Unit price,50.00 / ตัวอย่าง; 50.00 / ตัวอย่าง,ไม่มี,Active
'060000000039,PCV (ปั่น),PCV (ปั่น),PCV (ปั่น),ครั้ง,ค่าตรวจทางห้องปฎิบัติการ,0,0,A - Unit price,30.00 / ครั้ง,ไม่มี,Active
'060000000040,CPK,,CPK,ตัวอย่าง,ค่าตรวจทางห้องปฎิบัติการ,0,0,A - Unit price,100.00 / ตัวอย่าง,ไม่มี,Active
'060000000042,Globulin,Globulin,Globulin,ตัวอย่าง,ค่าตรวจทางห้องปฎิบัติการ,0,0,A - Unit price,50.00 / ตัวอย่าง,ไม่มี,Active
'060000000043,Leptospirosis (IgG & IgM titer),Leptospirosis (IgG & IgM titer),Leptospirosis (IgG & IgM titer),ตัวอย่าง,ค่าตรวจทางห้องปฎิบัติการ,0,0,A - Unit price,700.00 / ตัวอย่าง,ไม่มี,Active
'060000000045,(Bl209) PCR :CDV (Canine distemper),PCR :CDV (Canine distemper),PCR :CDV (Canine distemper),ตัวอย่าง,ค่าตรวจศูนย์ชันสูตรกำแพงแสน,0.0,0.0,A - Unit price,900.00 / ตัวอย่าง; 900.00 / ตัวอย่าง,ไม่มี,Active
'060000000046,(Bl215) PCR: FeLV (Feline leukeia),PCR: FeLV (Feline leukeia),PCR: FeLV (Feline leukeia),ตัวอย่าง,ค่าตรวจศูนย์ชันสูตรกำแพงแสน,0.0,0.0,A - Unit price,550.00 / ตัวอย่าง; 550.00 / ตัวอย่าง,ไม่มี,Active
'060000000047,PCR: BLV (Bovine leukosis),PCR: BLV (Bovine leukosis),PCR: BLV (Bovine leukosis),ตัวอย่าง,ค่าตรวจศูนย์ชันสูตรกำแพงแสน,0.0,0.0,A - Unit price,450.00 / ตัวอย่าง; 450.00 / ตัวอย่าง,ไม่มี,Active
'060000000048,PCR: Anaplasm platys,PCR: Anaplasm platys,PCR: Anaplasm platys,ตัวอย่าง,ค่าตรวจศูนย์ชันสูตรกำแพงแสน,0.0,0.0,A - Unit price,450.00 / ตัวอย่าง; 450.00 / ตัวอย่าง,ไม่มี,Active
'060000000049,(Bl210) PCR: Babesia spp.,PCR: Babesia spp.,PCR: Babesia spp.,ตัวอย่าง,ค่าตรวจศูนย์ชันสูตรกำแพงแสน,0.0,0.0,A - Unit price,550.00 / ตัวอย่าง; 550.00 / ตัวอย่าง,ไม่มี,Active
'060000000050,(Bl218) PCR: Trypanosoma spp.,,PCR: Trypanosoma spp.,ตัวอย่าง,ค่าตรวจศูนย์ชันสูตรกำแพงแสน,0.0,0.0,A - Unit price,550.00 / ตัวอย่าง; 550.00 / ตัวอย่าง,ไม่มี,Active
'060000000051,(Bl216) PCR: FIV,PCR: FIV,PCR: FIV,ตัวอย่าง,ค่าตรวจศูนย์ชันสูตรกำแพงแสน,0.0,0.0,A - Unit price,450.00 / ตัวอย่าง; 450.00 / ตัวอย่าง,ไม่มี,Active
'060000000052,(Bl211) PCR: Ehrlichia spp.,PCR: Ehrlichia spp.,PCR: Ehrlichia spp.,ตัวอย่าง,ค่าตรวจศูนย์ชันสูตรกำแพงแสน,0.0,0.0,A - Unit price,550.00 / ตัวอย่าง; 550.00 / ตัวอย่าง,ไม่มี,Active
'060000000053,PCR: Hepatozoon canis,PCR: Hepatozoon canis,PCR: Hepatozoon canis,ตัวอย่าง,ค่าตรวจศูนย์ชันสูตรกำแพงแสน,0.0,0.0,A - Unit price,400.00 / ตัวอย่าง; 400.00 / ตัวอย่าง,ไม่มี,Active
'060000000054,(Bl529) PCR Canine Parvo Virus (CPV),PCR Canine Parvo Virus (CPV),PCR Canine Parvo Virus (CPV),ตัวอย่าง,ค่าตรวจศูนย์ชันสูตรกำแพงแสน,0.0,0.0,A - Unit price,550.00 / ตัวอย่าง; 550.00 / ตัวอย่าง,ไม่มี,Active
'060000000055,(Bl214) PCR: Feline Infectious Peritonnitis Virus (FIPV),,(Bl214) PCR: Feline Infectious Peritonnitis Virus (FIPV),ตัวอย่าง,ค่าตรวจศูนย์ชันสูตรกำแพงแสน,0.0,0.0,A - Unit price,900.00 / ตัวอย่าง; 900.00 / ตัวอย่าง,ไม่มี,Active
'060000000056,(Bl599) PCR: Anaplasm spp.,PCR: Anaplasm spp.,PCR: Anaplasm spp.,ตัวอย่าง,ค่าตรวจศูนย์ชันสูตรกำแพงแสน,0.0,0.0,A - Unit price,550.00 / ตัวอย่าง; 550.00 / ตัวอย่าง,ไม่มี,Active
'060000000057,PCR: Babesia spp.and Theileria spp.,PCR: Babesia spp.and Theileria spp.,PCR: Babesia spp.and Theileria spp.,ตัวอย่าง,ค่าตรวจศูนย์ชันสูตรกำแพงแสน,0.0,0.0,A - Unit price,400.00 / ตัวอย่าง; 400.00 / ตัวอย่าง,ไม่มี,Active
'060000000058,PCR: Babesia bovis,PCR: Babesia bovis,PCR: Babesia bovis,ตัวอย่าง,ค่าตรวจศูนย์ชันสูตรกำแพงแสน,0.0,0.0,A - Unit price,450.00 / ตัวอย่าง; 450.00 / ตัวอย่าง,ไม่มี,Active
'060000000059,PCR: Babesia bigeminia,PCR: Babesia bigeminia,PCR: Babesia bigeminia,ตัวอย่าง,ค่าตรวจศูนย์ชันสูตรกำแพงแสน,0.0,0.0,A - Unit price,450.00 / ตัวอย่าง; 450.00 / ตัวอย่าง,ไม่มี,Active
'060000000060,PCR: Theileria annulata,PCR: Theileria annulata,PCR: Theileria annulata,ตัวอย่าง,ค่าตรวจศูนย์ชันสูตรกำแพงแสน,0.0,0.0,A - Unit price,400.00 / ตัวอย่าง; 400.00 / ตัวอย่าง,ไม่มี,Active
'060000000061,(Bl213)PCR:Feline Herpes Virus (FHV),,PCR:Feline Herpes Virus (FHV),ตัวอย่าง,ค่าตรวจศูนย์ชันสูตรกำแพงแสน,0.0,0.0,A - Unit price,550.00 / ตัวอย่าง; 550.00 / ตัวอย่าง,ไม่มี,Active
'060000000062,(Bl280) PCR: Encephalitozoon cuniculi,,PCR: Encephalitozoon cuniculi,ตัวอย่าง,ค่าตรวจศูนย์ชันสูตรกำแพงแสน,0.0,0.0,A - Unit price,600.00 / ตัวอย่าง; 600.00 / ตัวอย่าง,ไม่มี,Active
'060000000063,(Dl281) : ระดับภูมิคุ้มกันต่อเชื้อ  E. cuniculi,,ระดับภูมิคุ้มกันต่อเชื้อ  E. cuniculi,ตัวอย่าง,ค่าตรวจศูนย์ชันสูตรกำแพงแสน,0.0,0.0,A - Unit price,500.00 / ตัวอย่าง; 500.00 / ตัวอย่าง,ไม่มี,Active
'060000000064,Brucellosis (โรคแท้งติดต่อในสุนัข),,Brucellosis (โรคแท้งติดต่อในสุนัข),ตัวอย่าง,ค่าตรวจศูนย์ชันสูตรกำแพงแสน,0.0,0.0,A - Unit price,200.00 / ตัวอย่าง; 200.00 / ตัวอย่าง,ไม่มี,Active
'060000000065,urine cortisol:creatinine ratio (UCCR),urine cortisol:creatinine ratio (UCCR),urine cortisol:creatinine ratio (UCCR),Test,ค่าตรวจทางห้องปฎิบัติการ,0,0,A - Unit price,750.00 / Test,ไม่มี,Active
'060000000066,Ammonia,Ammonia,Ammonia,Test,ค่าตรวจทางห้องปฎิบัติการ,0,0,A - Unit price,600.00 / Test,ไม่มี,Active
'060000000067,uric acid,uric acid,uric acid,Test,ค่าตรวจทางห้องปฎิบัติการ,0,0,A - Unit price,100.00 / Test,ไม่มี,Active
'060000000068,Trypanosomiasis,Trypanosomiasis,Trypanosomiasis,ตัวอย่าง,ค่าตรวจทางห้องปฎิบัติการ,0.0,0.0,A - Unit price,100.00 / ตัวอย่าง; 100.00 / ตัวอย่าง,ไม่มี,Active
'060000000069,folate,folate,folate,ตัวอย่าง,ค่าตรวจทางห้องปฎิบัติการ,0,0,A - Unit price,700.00 / ตัวอย่าง,ไม่มี,Active
'060000000070,cobalamine,cobalamine,cobalamine,ตัวอย่าง,ค่าตรวจทางห้องปฎิบัติการ,0,0,A - Unit price,700.00 / ตัวอย่าง,ไม่มี,Active
'060000000071,canine T4,canine T4,canine T4,ตัวอย่าง,ค่าตรวจศูนย์ชันสูตรบางเขน,0.0,0.0,A - Unit price,650.00 / ตัวอย่าง; 650.00 / ตัวอย่าง,ไม่มี,Active
'060000000072,canine TSH,canine TSH,canine TSH,ตัวอย่าง,ค่าตรวจศูนย์ชันสูตรบางเขน,0.0,0.0,A - Unit price,800.00 / ตัวอย่าง; 800.00 / ตัวอย่าง,ไม่มี,Active
'060000000073,canine TLI,canine TLI,canine TLI,ตัวอย่าง,ค่าตรวจศูนย์ชันสูตรบางเขน,0.0,0.0,A - Unit price,"1,100.00 / ตัวอย่าง; 1,100.00 / ตัวอย่าง",ไม่มี,Active
'060000000074,serum GGT,serum GGT,serum GGT,ตัวอย่าง,ค่าตรวจทางห้องปฎิบัติการ,0,0,A - Unit price,70.00 / ตัวอย่าง,ไม่มี,Active
'060000000075,bile acid,bile acid,bile acid,ตัวอย่าง,ค่าตรวจทางห้องปฎิบัติการ,0,0,A - Unit price,"1,000.00 / ตัวอย่าง",ไม่มี,Active
'060000000076,ค่าบริการตรวจชนิดนิ่ว,ค่าบริการตรวจชนิดนิ่ว,ค่าบริการตรวจชนิดนิ่ว,Test,ค่าตรวจทางห้องปฎิบัติการ,0,0,A - Unit price,100.00 / Test,ไม่มี,Active
'060000000077,ค่าบริการตรวจ glucose curve,ค่าบริการตรวจ glucose curve,ค่าบริการตรวจ glucose curve,ครั้ง,ค่าหัตถการ,0.0,0.0,A - Unit price,400.00 / ครั้ง; 400.00 / ครั้ง,ไม่มี,Active
'060000000079,ค่าตรวจโรคโปรโตซัวในกระต่าย,ค่าตรวจโรคโปรโตซัวในกระต่าย,ค่าตรวจโรคโปรโตซัวในกระต่าย,ตัวอย่าง,ค่าหัตถการ,0.0,0.0,A - Unit price,400.00 / ตัวอย่าง; 400.00 / ตัวอย่าง,ไม่มี,Active
'060000000080,(Bl152) PCR: Chlamydia psittaci/โรคไข้หวัดนกแก้ว,,(Bl152) Chlamydia psittaci/โรคไข้หวัดนกแก้ว,ตัวอย่าง,ค่าตรวจศูนย์ชันสูตรกำแพงแสน,0.0,0.0,A - Unit price,500.00 / ตัวอย่าง; 500.00 / ตัวอย่าง,ไม่มี,Active
'060000000081,ค่าตรวจโรคกระเพาะอาหารโต,ค่าตรวจโรคกระเพาะอาหารโต,ค่าตรวจโรคกระเพาะอาหารโต,ตัวอย่าง,ค่าตรวจศูนย์ชันสูตรกำแพงแสน,0.0,0.0,A - Unit price,400.00 / ตัวอย่าง; 400.00 / ตัวอย่าง,ไม่มี,Active
'060000000082,ค่าตรวจโรคนิวคาสเซิล,ค่าตรวจโรคนิวคาสเซิล,ค่าตรวจโรคนิวคาสเซิล,ตัวอย่าง,ค่าตรวจศูนย์ชันสูตรกำแพงแสน,0.0,0.0,A - Unit price,400.00 / ตัวอย่าง; 400.00 / ตัวอย่าง,ไม่มี,Active
'060000000083,ค่าตรวจโรคจงอยปากขน (PBFV),ค่าตรวจโรคจงอยปากขน (PBFV),ค่าตรวจโรคจงอยปากขน (PBFV),ตัวอย่าง,ค่าหัตถการ,0.0,0.0,A - Unit price,450.00 / ตัวอย่าง; 450.00 / ตัวอย่าง,ไม่มี,Active
'060000000085,blood gas (Istat),blood gas (Istat),blood gas (Istat),Test,ค่าตรวจทางห้องปฎิบัติการ,0,0,A - Unit price,500.00 / Test,ไม่มี,Active
'060000000086,(BI 151) PCR:PBFD VIRUS(จงอยปากและขน) Psittacine Brak and Feather Diisease Virus,PCR:PBFD VIRUS,PCR:PBFD VIRUS,Test,ค่าตรวจทางห้องปฎิบัติการ,0,0,A - Unit price,550.00 / Test,ไม่มี,Active
'060000000087,"(BI155) PCR: Avian Bornavirus /โรคกระเพาะอาหารโต (ABV,PDD)",PCR Avian Bornavirus,PCR Avian Bornavirus,Test,ค่าตรวจทางห้องปฎิบัติการ,0,0,A - Unit price,"1,100.00 / Test",ไม่มี,Active
'060000000088,(Bl515) PCR Avian polyoma virus,PCR Avian polyoma virus,PCR Avian polyoma virus,Test,ค่าตรวจทางห้องปฎิบัติการ,0,0,A - Unit price,550.00 / Test,ไม่มี,Active
'060000000089,(BI150) PCR sexing(ตรวจเพศนก/กรุณาระบุสายพันธ์ทุกครั้ง,PCR sexing(ตรวจเพศนก),PCR sexing(ตรวจเพศนก),Test,ค่าตรวจทางห้องปฎิบัติการ,0,0,A - Unit price,500.00 / Test,ไม่มี,Active
'060000000090,(Bl153) PCR: Psittacid Herpesvirus 1(PsHV-1)/โรคพาเชโค,,PCR: Psittacid Herpesvirus 1(PsHV-1)/โรคพาเชโค,ตัวอย่าง,ค่าตรวจทางห้องปฎิบัติการ,0,0,A - Unit price,500.00 / ตัวอย่าง,ไม่มี,Active
'070000000001,CBC +Retic,CBC +Retic,CBC +Retic,ตัวอย่าง,ค่าตรวจทางห้องปฎิบัติการ,0,0,A - Unit price,300.00 / ตัวอย่าง,ไม่มี,Active
'070000000004,ALT (SGPT),ALT (SGPT),ALT (SGPT),ตัวอย่าง,ค่าตรวจทางห้องปฎิบัติการ,0,0,A - Unit price,70.00 / ตัวอย่าง,ไม่มี,Active
'070000000006,Potassium,Potassium,Potassium,ตัวอย่าง,ค่าตรวจทางห้องปฎิบัติการ,0,0,A - Unit price,100.00 / ตัวอย่าง,ไม่มี,Active
'080000000002,ค่าหัตถการอาบน้ำ,ค่าหัตถการอาบน้ำ,ค่าหัตถการอาบน้ำ,บาท,ค่าหัตถการ,0,0,A - Unit price,100.00 / บาท,ไม่มี,Active
'080000000004,ค่าหัตถการล้างปาก,ค่าหัตถการล้างปาก,ค่าหัตถการล้างปาก,ครั้ง,ค่าหัตถการ,0,0,A - Unit price,100.00 / ครั้ง,ไม่มี,Active
'080000000005,ค่าพันเฝือกอ่อน (Soft bandage ),ค่าพันเฝือก,ค่าพันเฝือก,บาท,ค่าหัตถการ,0,0,A - Unit price,1.00 / บาท,ไม่มี,Active
'080000000006,ค่าหัตถการเจาะกระเพาะปัสสาวะผ่านหน้าท้อง (Cystocentesis),ค่าหัตถการเจาะกระเพาะปัสสาวะผ่านหน้าท้อง (Cystocentesis),ค่าหัตถการเจาะกระเพาะปัสสาวะผ่านหน้าท้อง (Cystocentesis),ครั้ง,ค่าหัตถการ,0,0,A - Unit price,100.00 / ครั้ง,ไม่มี,Active
'080000000008,ค่าพันเฝือกใช้ Exlite,ค่าพันเฝือกใช้ Exlite,ค่าพันเฝือกใช้ Exlite,บาท,ค่าหัตถการ,0,0,A - Unit price,1.00 / บาท,ไม่มี,Active
'080000000011,ค่าหัตถการสวนปัสสาวะสุนัข +เย็บคาท่อ (Catheter+nylon),ค่าหัตถการสวนปัสสาวะสุนัข +เย็บคาท่อ (Catheter+nylon),ค่าหัตถการสวนปัสสาวะสุนัข +เย็บคาท่อ (Catheter+nylon),ครั้ง,ค่าหัตถการ,0,0,A - Unit price,250.00 / ครั้ง,ไม่มี,Active
'080000000012,ค่าหัตถการสวนปัสสาวะ,ค่าหัตถการสวนปัสสาวะ,ค่าหัตถการสวนปัสสาวะ,ครั้ง,ค่าหัตถการ,0,0,A - Unit price,100.00 / ครั้ง,ไม่มี,Active
'080000000013,ค่าหัตถการเย็บแผล (หัตถการขนาดเล็ก),ค่าหัตถการเย็บแผล (หัตถการขนาดเล็ก),ค่าหัตถการเย็บแผล (หัตถการขนาดเล็ก),บาท,ค่าหัตถการ,0,0,A - Unit price,1.00 / บาท,ไม่มี,Active
'080000000014,ค่าหัตถการเช็ดหู ธรรมดา (Ear dressing normal) ED,ค่าหัตถการเช็ดหู ธรรมดา (Ear dressing normal) ED,ค่าหัตถการเช็ดหู ธรรมดา (Ear dressing normal) ED,ครั้ง,ค่าหัตถการ,0,0,A - Unit price,150.00 / ครั้ง,ไม่มี,Active
'080000000015,ค่าหัตถการเช็ดหูแบบรุนแรง (Ear dressing severe),ค่าหัตถการเช็ดหูแบบรุนแรง (Ear dressing severe),ค่าหัตถการเช็ดหูแบบรุนแรง (Ear dressing severe),ครั้ง,ค่าหัตถการ,0,0,A - Unit price,200.00 / ครั้ง,ไม่มี,Active
'080000000016,ค่าหัตถการตัดเล็บ (Nail cutting),ค่าหัตถการตัดเล็บ (Nail cutting),ค่าหัตถการตัดเล็บ (Nail cutting),ครั้ง,ค่าหัตถการ,0,0,A - Unit price,50.00 / ครั้ง,ไม่มี,Active
'080000000017,ค่าหัตถการบีบต่อมก้นแบบรุนแรง,ค่าหัตถการบีบต่อมก้นแบบรุนแรง,ค่าหัตถการบีบต่อมก้นแบบรุนแรง,ครั้ง,ค่าหัตถการ,0,0,A - Unit price,100.00 / ครั้ง,ไม่มี,Active
'080000000018,ค่าหัตถการสวนอุจจาระไม่รวมวางยา (Enema),ค่าหัตถการสวนอุจจาระไม่รวมวางยา (Enema),ค่าหัตถการสวนอุจจาระไม่รวมวางยา (Enema),ครั้ง,ค่าหัตถการ,0,0,A - Unit price,500.00 / ครั้ง,ไม่มี,Active
'080000000019,ค่าหัตถการเจาะช่องอก (Thoracocentesis),ค่าหัตถการเจาะช่องอก (Thoracocentesis),ค่าหัตถการเจาะช่องอก (Thoracocentesis),ครั้ง,ค่าหัตถการ,0,0,A - Unit price,300.00 / ครั้ง,ไม่มี,Active
'080000000020,ค่าหัตถการเจาะช่องท้อง (Abdominal paracentesis),ค่าหัตถการเจาะช่องท้อง (Abdominal paracentesis),ค่าหัตถการเจาะช่องท้อง (Abdominal paracentesis),ครั้ง,ค่าหัตถการ,0,0,A - Unit price,250.00 / ครั้ง,ไม่มี,Active
'080000000022,ค่าหัตถการ,ค่าหัตถการ,ค่าหัตถการ,บาท,ค่าหัตถการ,0,0,A - Unit price,1.00 / บาท,ไม่มี,Active
'080000000023,ค่าหัดถการดีทอกซ์ Detox,ค่าหัดถการดีทอกซ์ Detox,ค่าหัดถการดีทอกซ์ Detox,ครั้ง,ค่าหัตถการ,0,0,A - Unit price,500.00 / ครั้ง,ไม่มี,Active
'080000000024,ค่าหัตถการทำแผล,ค่าหัตถการทำแผล,ค่าหัตถการทำแผล,บาท,ค่าหัตถการ,0,0,A - Unit price,1.00 / บาท,ไม่มี,Active
'080000000025,ค่าบริการให้น้ำเกลือ s/c,ค่าบริการให้น้ำเกลือ s/c,ค่าบริการให้น้ำเกลือ s/c,ครั้ง,ค่าหัตถการ,0,0,A - Unit price,50.00 / ครั้ง,ไม่มี,Active
'080000000026,ค่าหัตถการเย็บแม๊ค,ค่าหัตถการเย็บแม๊ค,ค่าหัตถการเย็บแม๊ค,ตัว,ค่าหัตถการ,0,0,A - Unit price,50.00 / ตัว,ไม่มี,Active
'080000000028,หัตการดึงหัวกระดูก (Close reduct),หัตการดึงหัวกระดูก (Close reduct),หัตการดึงหัวกระดูก (Close reduct),บาท,ค่าหัตถการ,0,0,A - Unit price,1.00 / บาท,ไม่มี,Active
'080000000029,ป้อนอาหาร,ป้อนอาหาร,ป้อนอาหาร,ครั้ง,ค่าหัตถการ,0,0,A - Unit price,30.00 / ครั้ง,ไม่มี,Active
'080000000030,ป้อนยา,ป้อนยา,ป้อนยา,ครั้ง,ค่าหัตถการ,0,0,A - Unit price,30.00 / ครั้ง,ไม่มี,Active
'080000000031,pericardial centesis เจาะถุงหุ้มหัวใจ,pericardial centesis เจาะถุงหุ้มหัวใจ,pericardial centesis เจาะถุงหุ้มหัวใจ,ครั้ง,ค่าหัตถการ,0.0,0.0,A - Unit price,500.00 / ครั้ง; 500.00 / ครั้ง,ไม่มี,Active
'080000000032,ค่าหัตถการบีบต่อมก้นธรรมดา,ค่าหัตถการบีบต่อมก้นธรรมดา,ค่าหัตถการบีบต่อมก้นธรรมดา,ครั้ง,ค่าหัตถการ,0,0,A - Unit price,50.00 / ครั้ง,ไม่มี,Active
'080000000033,ค่าช่วยลูก,ค่าช่วยลูก,ค่าช่วยลูก,ตัว,ค่าหัตถการ,0,0,A - Unit price,100.00 / ตัว,ไม่มี,Active
'080000000034,ค่าช่วยลูกสุนัขพันธ์,ค่าช่วยลูกสุนัขพันธ์,ค่าช่วยลูกสุนัขพันธ์,ครั้ง,ค่าหัตถการ,0.0,0.0,A - Unit price,200.00 / ครั้ง; 200.00 / ครั้ง,ไม่มี,Active
'080000000035,ค่าหัตการพ่นยากำจัดเห็บหมัด,ค่าหัตการพ่นยากำจัดเห็บหมัด,ค่าหัตการพ่นยากำจัดเห็บหมัด,ครั้ง,ค่าหัตถการ,0,0,A - Unit price,100.00 / ครั้ง,ไม่มี,Active
'080000000036,ค่าหัตถการสวนปัสสาวะแมว+เย็บคาท่อ (urinary catheter+nylon),ค่าหัตถการสวนปัสสาวะแมว+เย็บคาท่อ (urinary catheter+nylon),ค่าหัตถการสวนปัสสาวะแมว+เย็บคาท่อ (urinary catheter+nylon),ครั้ง,ค่าหัตถการ,0,0,A - Unit price,600.00 / ครั้ง,ไม่มี,Active
'080000000037,เลเซอร์บำบัด(laser therapy),เลเซอร์บำบัด(laser therapy),เลเซอร์บำบัด(laser therapy),บาท,ค่าหัตถการ,0.0,0.0,A - Unit price,1.00 / บาท; 1.00 / บาท,ไม่มี,Active
'080000000038,ค่าล้างท้อง,,ค่าล้างท้อง,บาท,ค่าหัตถการ,0,0,A - Unit price,1.00 / บาท,ไม่มี,Active
'090000000029,Gastro intestinal low fat อาหารสำหรับสุนัขโรคตับอ่อนอักเสบ หรือภาวะไขมันในเลือดสูง 410 กรัม,Gastro intestinal low fat,Gastro intestinal low fat,กระป๋อง,ค่าเวชภัณฑ์ / วัสดุการแพทย์,0.0,0.0,A - Unit price,160.00 / กระป๋อง; 160.00 / กระป๋อง,มี,Active
'090000000030,Recovery can อาหารสำหรับสุนัข และแมวระยะพักฟื้น 195 กรัม,Recovery can,Recovery can อาหารสำหรับสุนัข และแมวระยะพักฟื้น 195 กรัม,กระป๋อง,ค่าอาหารกระป๋อง,0.0,0.0,A - Unit price,150.00 / กระป๋อง,มี,Active
'090000000034,Meo 400 g อาหารกระป๋องแมว,Meo 400g อาหารกระป๋องแมว,Meo 400g  อาหารกระป๋องแมว,กระป๋อง,ค่าอาหารกระป๋อง,0.0,0.0,A - Unit price,55.00 / กระป๋อง,ไม่มี,Active
'090000000035,pedigree1.15 kg  อาหารกระป๋องสุนัข,pedigree (รสเนื้อ) อาหารกระป๋องสุนัข,pedigree อาหารกระป๋องสุนัข,กระป๋อง,ค่าอาหารกระป๋อง,0.0,0.0,A - Unit price,170.00 / กระป๋อง,ไม่มี,Active
'100000000002,ค่าตรวจสัตว์ป่วยใน,ค่าตรวจสัตว์ป่วยใน,ค่าตรวจสัตว์ป่วยใน,ครั้ง,ค่าตรวจ,0,0,A - Unit price,200.00 / ครั้ง,ไม่มี,Active
'980000000001,ค่าบริการนอกสถานที่,,,บาท,อื่นๆ,0.0,0.0,A - Unit price,1.00 / บาท,ไม่มี,Active
'980000000002,ค่าปาดแต่งกีบโค,,,บาท,ค่าหัตถการ,0.0,0.0,A - Unit price,1.00 / บาท; 1.00 / บาท,ไม่มี,Active
'980000000003,ค่าบริการฟาร์ม,,,บาท,ค่าบริการทางการแพทย์,0.0,0.0,A - Unit price,1.00 / บาท; 1.00 / บาท,ไม่มี,Active
'980000000004,ค่าที่ปรึกษา,,,บาท,ค่าบริการทางการแพทย์,0.0,0.0,A - Unit price,1.00 / บาท; 1.00 / บาท,ไม่มี,Active
'980000000005,ค่าบริการตรวจรักษา,,,บาท,ค่าตรวจ,0,0,A - Unit price,1.00 / บาท,ไม่มี,Active
'990000000001,ค่าเช่าพื้นที่,ค่าเช่าพื้นที่,ค่าเช่าพื้นที่,บาท,อื่นๆ,0.0,0.0,A - Unit price,1.00 / บาท; 1.00 / บาท,ไม่มี,Active
'990000000002,ค่าสาธารณูปโภค,,,บาท,อื่นๆ,0.0,0.0,A - Unit price,1.00 / บาท; 1.00 / บาท,ไม่มี,Active
'990000000003,ค่าที่พัก,,,บาท,อื่นๆ,0.0,0.0,A - Unit price,1.00 / บาท; 1.00 / บาท,ไม่มี,Active
'990000000004,จำหน่ายวัสดุต่างๆ,,,บาท,อื่นๆ,0.0,0.0,A - Unit price,1.00 / บาท; 1.00 / บาท,ไม่มี,Active
'990000000005,ค่าฝึกงานนักศึกษาสัตวแพทย์ต่างสถาบัน,,,บาท,อื่นๆ,0.0,0.0,A - Unit price,1.00 / บาท; 1.00 / บาท,ไม่มี,Active
'990000000006,รับคืนเงินค่าจ้าง,,,บาท,อื่นๆ,0.0,0.0,A - Unit price,1.00 / บาท; 1.00 / บาท,ไม่มี,Active
'990000000007,โครงการให้คำปรึกษาทางด้านการจัดการสุขภาพและผลผลิตระดับฝูง,,,บาท,ค่าบริการทางการแพทย์,0.0,0.0,A - Unit price,1.00 / บาท; 1.00 / บาท,ไม่มี,Active
'990000000008,หลักประกันสัญญาเช่าที่ราชพัสดุ,,,บาท,อื่นๆ,0.0,0.0,A - Unit price,1.00 / บาท; 1.00 / บาท,ไม่มี,Active
'990000000009,ค่าค้ำประกันจ้างพนักงานรักษาความปลอดภัย,,,บาท,อื่นๆ,0.0,0.0,A - Unit price,1.00 / บาท; 1.00 / บาท,ไม่มี,Active
'990000000010,ค่าค้ำประกันจ้างเหมาเจาะบ่อบาดาล,,,บาท,อื่นๆ,0.0,0.0,A - Unit price,1.00 / บาท; 1.00 / บาท,ไม่มี,Active
'990000000011,วัสดุเสื่อมสภาพ,,,บาท,อื่นๆ,0.0,0.0,A - Unit price,1.00 / บาท; 1.00 / บาท,ไม่มี,Active
'990000000012,ค่าค้ำประกันจัดซื้อชุดกล้องวงจรปิด,,,บาท,อื่นๆ,0.0,0.0,A - Unit price,1.00 / บาท; 1.00 / บาท,ไม่มี,Active
'990000000013,ค่าค้ำประกันจ้างเปลี่ยนสายไฟ รพส.มก.หนองโพ,,,บาท,อื่นๆ,0.0,0.0,A - Unit price,1.00 / บาท; 1.00 / บาท,ไม่มี,Active
'990000000014,ค่าค้ำประกันจ้างปรับปรุงป้าย รพส.มก.หนองโพ,,,บาท,อื่นๆ,0.0,0.0,A - Unit price,1.00 / บาท; 1.00 / บาท,ไม่มี,Active
'990000000015,ค่าค้ำประกันจ้างปรับปรุงอาคาร 25 ปี รพส.มก.หนองโพ,,,บาท,อื่นๆ,0.0,0.0,A - Unit price,1.00 / บาท; 1.00 / บาท,ไม่มี,Active
'990000000016,ค่าค้ำประกันจ้างปรับปรุงลานอเนกประสงค์ บริเวณอาคาร 25 ปี รพส.มก.หนองโพ,,,บาท,อื่นๆ,0.0,0.0,A - Unit price,1.00 / บาท; 1.00 / บาท,ไม่มี,Active
'990000000017,"ค่าลงทะเบียนอบรม ""โครงการฝึกอบรมการแต่งกีบโคนม""",,,บาท,อื่นๆ,0.0,0.0,A - Unit price,1.00 / บาท; 1.00 / บาท,ไม่มี,Active
'990000000018,ค่าฝึกปฏิบัติงาน,,,บาท,อื่นๆ,0.0,0.0,A - Unit price,1.00 / บาท; 1.00 / บาท,ไม่มี,Active
'990000000019,จำหน่ายครุภัณฑ์เสื่อมสภาพ,,,บาท,อื่นๆ,0.0,0.0,A - Unit price,1.00 / บาท; 1.00 / บาท,ไม่มี,Active
'990000000020,ค่าค้ำประกันซ่อมเปลี่ยนหลังคาและฝ้าเพดานบ้านพักคนงาน,,,บาท,อื่นๆ,0.0,0.0,A - Unit price,1.00 / บาท; 1.00 / บาท,ไม่มี,Active
'990000000021,ค่าค้ำประกันซื้อเครื่องปรับอากาศ จำนวน 6 เครื่อง,,,บาท,อื่นๆ,0.0,0.0,A - Unit price,1.00 / บาท; 1.00 / บาท,ไม่มี,Active
'990000000022,ค่าค้ำประกันจ้างเหมาบริการทำความสะอาดอาคาร,,,บาท,อื่นๆ,0.0,0.0,A - Unit price,1.00 / บาท; 1.00 / บาท,ไม่มี,Active
'990000000023,รายได้จากการฝึกอบรม,,,บาท,อื่นๆ,0.0,0.0,A - Unit price,1.00 / บาท; 1.00 / บาท,ไม่มี,Active
'990000000024,ค่าค้ำประกันสัญญาซื้อชุดเครื่องนอนสำหรับนิสิตฝึกงาน,,,บาท,อื่นๆ,0.0,0.0,A - Unit price,"7,100.00 / บาท; 7,100.00 / บาท",ไม่มี,Active
'990000000025,ค่าค้ำประกันสัญญาเครื่องตรวจอวัยวะภายในด้วยคลื่นความถี่สูง,,,บาท,อื่นๆ,0.0,0.0,A - Unit price,1.00 / บาท; 1.00 / บาท,ไม่มี,Active
'990000000026,ค่าค้ำประกันสัญญาชุดเครื่องคอมพิวเตอร์,,,บาท,อื่นๆ,0.0,0.0,A - Unit price,1.00 / บาท; 1.00 / บาท,ไม่มี,Active
'990000000027,ปรับปรุงห้องประชุมตึกพักนิสิต,,,บาท,อื่นๆ,0.0,0.0,A - Unit price,1.00 / บาท; 1.00 / บาท,ไม่มี,Active
'990000000028,เงินสนับสนุนจัดโครงการใช้กิจกรรม KM,,,บาท,อื่นๆ,0.0,0.0,A - Unit price,1.00 / บาท; 1.00 / บาท,ไม่มี,Active
'990000000029,ค่าค้ำประกันสัญญาซื้อครุภัณฑ์สำนักงานสำหรับตึกพักนิสิต,,,บาท,อื่นๆ,0.0,0.0,A - Unit price,1.00 / บาท; 1.00 / บาท,ไม่มี,Active
'990000000030,ค่าค้ำประกันสัญญาจ้างปรับปรุงพื้นระเบียงหลังอาคารตึกพักนิสิต,,,บาท,อื่นๆ,0.0,0.0,A - Unit price,1.00 / บาท; 1.00 / บาท,ไม่มี,Active
'990000000031,ค่าค้ำประกันสัญญางานจ้างเขียนแบบสำหรับปรับปรุง รพส.มก.นพ.,,,บาท,อื่นๆ,0.0,0.0,A - Unit price,1.00 / บาท; 1.00 / บาท,ไม่มี,Active
'990000000032,ค่าค้ำประกันสัญญาจ้างปรับปรุงระบบไฟฟ้า (เดินสายเมนพร้อมติดตั้งเบรกเกอร์),,,บาท,อื่นๆ,0.0,0.0,A - Unit price,"23,525.00 / บาท; 23,525.00 / บาท",ไม่มี,Active
'990000000033,ค่าค้ำประกันสัญญา งานปรับปรุงแท้งค์น้ำและติดตั้งระบบประปา,,,บาท,อื่นๆ,0.0,0.0,A - Unit price,"24,850.00 / บาท; 24,850.00 / บาท",ไม่มี,Active
'990000000034,ค่าค้ำประกันสัญญาซื้อเครื่องวัดประสิทธิภาพระบบรีดนมแบบไอเอสโอครบชุด,,,บาท,อื่นๆ,0.0,0.0,A - Unit price,"11,500.00 / บาท; 11,500.00 / บาท",ไม่มี,Active
'990000000035,ค่าเช่าห้องประชุม,,,บาท,อื่นๆ,0.0,0.0,A - Unit price,1.00 / บาท; 1.00 / บาท,ไม่มี,Active
'990000000036,ค่าซักผ้า,,,บาท,อื่นๆ,0.0,0.0,A - Unit price,1.00 / บาท; 1.00 / บาท,ไม่มี,Active
'990000000037,ค่าค้ำประกันสัญญาซื้อเครื่องแอร์อัดอากาศทางการแพทย์และอุปกรณ์พร้อมติดตั้ง,,,บาท,อื่นๆ,0.0,0.0,A - Unit price,"24,557.00 / บาท; 24,557.00 / บาท",ไม่มี,Active
'990000000038,ค่าค้ำประกันสัญญาซื้อชุดสกาเวนจินพร้อมติดตั้ง,,,บาท,อื่นๆ,0.0,0.0,A - Unit price,"9,500.00 / บาท; 9,500.00 / บาท",ไม่มี,Active
'990000000039,ค่าค้ำประกันสัญญาเครื่องดมยาสลบพร้อมเครื่องช่วยหายใจชนิดควบคุมปริมาตร,,,บาท,อื่นๆ,0.0,0.0,A - Unit price,"16,000.00 / บาท; 16,000.00 / บาท",ไม่มี,Active
'990000000040,ค่าค้ำประกันสัญญารถเข็นสแตนเลสใช้บรรทุกสัตว์ป่วย,,,บาท,อื่นๆ,0.0,0.0,A - Unit price,"6,554.00 / บาท; 6,554.00 / บาท",ไม่มี,Active
'990000000041,ค่าค้ำประกันสัญญาซื้อเครื่องติดตามและบันทึกสัญญาณชีพในสัตว์,,,บาท,อื่นๆ,0.0,0.0,A - Unit price,"39,500.00 / บาท; 39,500.00 / บาท",ไม่มี,Active
'990000000042,ค่าค้ำประกันสัญญาจ้างซ่อมท่อน้ำดี,,,บาท,อื่นๆ,0.0,0.0,A - Unit price,"17,250.00 / บาท; 17,250.00 / บาท",ไม่มี,Active
'990000000043,ค่าค้ำประกันสัญญาซื้อรอกโซ่ไฟฟ้า 1 ตัน 4 ทิศทาง (1 Speed 4 ทิศทาง),,,บาท,อื่นๆ,0.0,0.0,A - Unit price,"15,157.00 / บาท; 15,157.00 / บาท",ไม่มี,Active
'990000000044,ค่าค้ำประกันสัญญาซื้อเครื่องตรวจคลื่นไฟฟ้าจอประสาทตา,,,บาท,อื่นๆ,0.0,0.0,A - Unit price,"24,075.00 / บาท; 24,075.00 / บาท",ไม่มี,Active
